Name,SKU,Price,Sale Price,Weight (Kg),Brand,Warrenty,Size,Material,Available Quantity,Product URL
"ECHO Bárszék 2 db, varrott műbőr borítás, barna, 63 cm magas",LBC080K01,"39,000 (Ft)","29,300 (Ft)",7,VASAGLE,1 év,,,13,https://www.deco24.hu/ECHO-Barszek-2-db-varrott-mubor-boritas-barna-63-c
"Bambusz konyhai rendszerező polcok, 2 db-os egymásra rakható, fehér lábakkal",KCS02NW,"7,690 (Ft)","5,490 (Ft)",1,SONGMICS,,30x20x15cm,"Bambusz, Acél",27,https://www.deco24.hu/spd/KCS02NW/Bambusz-konyhai-rendszerezo-polcok-2-db-os-egymasr
"Álló ruhafogas fém 12 akasztóval, egyenes lábakkal, fekete",RCR19B,"11,200 (Ft)","7,900 (Ft)",3,SONGMICS,1 év,49x49x182cm,Acél,49,https://www.deco24.hu/songmics-allo-ruhafogas-fem-12-akasztoval-egyenes-labakkal-fekete
"Kétszintes edény és tányérszárító kihúzható, ezüst 36x21x25-31cm",KCS017E01,"9,990 (Ft)","7,100 (Ft)",2,SONGMICS,,36x21x25.5-31.5cm,Acél,49,https://www.deco24.hu/songmics-ketszintes-edeny-es-tanyerszarito-kihuzhato-ezust-36x21x25-31cm
"Fali tükrös fürdőszoba szekrény, fehér 56x13x58cm",LHC002,"21,600 (Ft)","15,100 (Ft)",6,VASAGLE,1 év,56.5x13x58.5cm,"MDF (Közepes Sűrűségű Rostlemez), Üveg",42,https://www.deco24.hu/vasagle-fali-tukros-furdoszoba-szekreny-feher-56x13x58cm
"Műbőr óratároló doboz 12 rekesszel, üvegfedéllel, fekete 30x20x8cm",JWB12BK,"8,390 (Ft)","6,390 (Ft)",1,SONGMICS,,30.2x20.2x8cm,"MDF (Közepes Sűrűségű Rostlemez), PU (Bőr), Bársony szövet, Üveg",17,https://www.deco24.hu/songmics-mubor-oratarolo-doboz-12-rekesszel-uvegfedellel-fekete-30x20x8cm
"ECHO Bárszék 2 db, varrott műbőr borítás, 76 cm magas",LBC090K01,"40,400 (Ft)","30,300 (Ft)",8,VASAGLE,1 év,,,22,https://www.deco24.hu/ECHO-Barszek-2-db-varrott-mubor-boritas-76-cm-maga
"Polcos állvány, 130kg polconkénti teherbírással, fekete 150x75x30cm",GLR030B01,"19,800 (Ft)","13,900 (Ft)",10,SONGMICS,1 év,150x75x30cm,"MDF (Közepes Sűrűségű Rostlemez), Acél",49,https://www.deco24.hu/songmics-polcos-allvany-130kg-polconkenti-teherbirassal-fekete-150x75x30cm
"Fürdőszoba sarokpolc állítható, fehér 85-305cm",BCB001A,"9,690 (Ft)","7,390 (Ft)",2,SONGMICS,1 év,85-305cm,"Acél, ABS, PP",16,https://www.deco24.hu/songmics-furdoszoba-sarokpolc-allithato-feher-85-305cm
"Cipőtároló pad két tároló szinttel, rusztikus barna 73x30x45cm",LBS73X,"23,700 (Ft)","17,800 (Ft)",7,VASAGLE,1 év,73x30x45cm,"Forgácslap, Acél",12,https://www.deco24.hu/vasagle-cipotarolo-pad-ket-tarolo-szinttel-rusztikus-barna-73x30x45cm
Bambusz kosár szennyestartó 72L,LCB10Y,"11,000 (Ft)","7,790 (Ft)",2,SONGMICS,1 év,40×30×60cm,"Bambusz, Vas, MDF (Közepes Sűrűségű Rostlemez), TC szövet",34,https://www.deco24.hu/songmics-bambusz-kosar-szennyestarto-72l
"ECHO Bárszék 2 db, varrott műbőr borítás, zöld, 76 cm magas",LBC090C01,"42,100 (Ft)","33,700 (Ft)",8,VASAGLE,1 év,51.6x51.6x75cm,,2,https://www.deco24.hu/ECHO-Barszek-2-db-varrott-mubor-boritas-zold-76-cm
"Álló ruhafogas fém 12 akasztóval, fehér",RCR19W,"11,500 (Ft)","8,690 (Ft)",3,SONGMICS,1 év,49x49x182cm,Acél,0,https://www.deco24.hu/songmics-allo-ruhafogas-fem-12-akasztoval-feher
"Szabadon álló ajtós, fiókos szekrény, fehér 32x30x87cm",BBC43WT,"23,000 (Ft)","18,400 (Ft)",9,VASAGLE,1 év,32x30x87cm,MDF (Közepes Sűrűségű Rostlemez),9,https://www.deco24.hu/vasagle-szabadon-allo-ajtos-fiokos-szekreny-feher-32x30x87cm
"Zigzag sarokpolc 5 szintes fali polc, fehér 20x20x127cm",LBC72WT,"10,090 (Ft)","7,690 (Ft)",4,VASAGLE,1 év,20x20x127.5cm,Forgácslap,9,https://www.deco24.hu/vasagle-zigzag-sarokpolc-5-szintes-fali-polc-feher-20x20x127cm
"Szabadon álló ajtós szekrény, fehér 20x18x80cm",BBC310W01,"18,500 (Ft)","13,000 (Ft)",5,VASAGLE,,20x18x80cm,MDF,47,https://www.deco24.hu/vasagle-szabadon-allo-ajtos-szekreny-feher-20x18x80cm
"Fém ketrec háziállatoknak tengerimalac, hörcsög, nyúl számára, fekete 143x73x46cm",LPI01H,"13,000 (Ft)","9,890 (Ft)",4,SONGMICS,1 év,143x73x46cm,"Acél, Akrilonitril-Butadién-Sztirol műanyag (ABS)",23,https://www.deco24.hu/songmics-fem-ketrec-haziallatoknak-tengerimalac-horcsog-nyul-szamara-fekete-143x73x46cm
"Szennyestartó ruhaakasztóval, kivehető ruhatartó kosár, greige és palaszürke",BLH241G01,"36,200 (Ft)","29,000 (Ft)",7,VASAGLE,1 év,73x33x175cm,,5,https://www.deco24.hu/spd/BLH241G01/Szennyestarto-ruhaakasztoval-kiveheto-ruhatarto-ko
"Éjjeliszekrény rekesszel és fém hálós polccal, rusztikus barna 40x40x58cm",LET46X,"24,100 (Ft)","19,300 (Ft)",7,VASAGLE,1 év,40x40x58cm,"Forgácslap, Acél",5,https://www.deco24.hu/vasagle-ejjeliszekreny-rekesszel-es-fem-halos-polccal-rusztikus-barna-40x40x58cm
"Ruhaáállvány, kabátoknak, ruháknak, cipőknek, fekete 87x40x155cm",HSR05B,"16,500 (Ft)","13,200 (Ft)",4,SONGMICS,1 év,87.5x40x155cm,Acél,4,https://www.deco24.hu/songmics-ruhaaallvany-kabatoknak-ruhaknak-cipoknek-fekete-87x40x155cm
"Komód elhúzható ajtóval, tároló szekrény, rusztikus barna 70x30x80cm",LSC88BX,"54,300 (Ft)","43,400 (Ft)",19,VASAGLE,1 év,70x30x80cm,"Forgácslap, Acél",4,https://www.deco24.hu/vasagle-komod-elhuzhato-ajtoval-tarolo-szekreny-rusztikus-barna-70x30x80cm
"Dohányzóasztal újságtartóval, rusztikus barna 106x60x45cm",LCT61X,"39,700 (Ft)","31,800 (Ft)",13,VASAGLE,1 év,106.6x60.6x45cm,"Forgácslap, Acél",4,https://www.deco24.hu/vasagle-dohanyzoasztal-ujsagtartoval-rusztikus-barna-106x60x45cm
"Ruhaáállvány, kabátoknak, ruháknak, cipőknek, fehér 87x40x155cm",HSR05W,"16,500 (Ft)","13,200 (Ft)",4,SONGMICS,1 év,87.5x40x155cm,Acél,4,https://www.deco24.hu/songmics-ruhaaallvany-kabatoknak-ruhaknak-cipoknek-feher-87x40x155cm
"Íróasztal polcokkal, greige 120x60x75cm",LWD47MB,"53,400 (Ft)","42,700 (Ft)",18,VASAGLE,1 év,120x60x75cm,"Forgácslap, Acél",3,https://www.deco24.hu/vasagle-iroasztal-polcokkal-greige-120x60x75cm
"Lerakóasztal fém vázzal és edzett üveg lappal, rusztikus barna 40x40x60cm",LNT05BX,"35,500 (Ft)","28,400 (Ft)",12,VASAGLE,1 év,40x40x60cm,"Forgácslap, Acél, Üveg",2,https://www.deco24.hu/vasagle-lerakoasztal-fem-vazzal-es-edzett-uveg-lappal-rusztikus-barna-40x40x60cm
"Cipőtároló pad, párnázott ülőfelülettel, rusztikus barna 100x40x47cm",LSB47BX,"63,900 (Ft)","51,100 (Ft)",18,VASAGLE,1 év,100x40x47cm,"Forgácslap, Acél, PU (Bőr)",3,https://www.deco24.hu/vasagle-cipotarolo-pad-parnazott-ulofelulettel-rusztikus-barna-100x40x47cm
"Ruhaállvány két akasztóval, fehér 88x44x154cm",RDR01WT,"11,400 (Ft)","9,190 (Ft)",2,SONGMICS,1 év,88x44x154cm,"Acél, Nem szőtt szövet, Műanyag",2,https://www.deco24.hu/songmics-ruhaallvany-ket-akasztoval-feher-88x44x154cm
"Könyvespolc, tárolópolc, fehér 65x30x129cm",LBC24WT,"45,400 (Ft)","36,300 (Ft)",25,VASAGLE,1 év,65.7x30x129.5cm,Forgácslap,3,https://www.deco24.hu/vasagle-konyvespolc-tarolopolc-feher-65x30x129cm
"Lerakóasztal edzett üveglappal, fiókkal és polccal, rusztikus barna 43x43x54cm",LET04BXV2,"38,800 (Ft)","31,000 (Ft)",10,VASAGLE,1 év,43x43x54cm,"Forgácslap, Acél, Üveg",2,https://www.deco24.hu/vasagle-lerakoasztal-edzett-uveglappal-fiokkal-es-polccal-rusztikus-barna-43x43x54cm
"Lebegő fali polc, fehér 40x20x3cm",LWS24WT,"9,590 (Ft)","7,790 (Ft)",2,VASAGLE,,40x20x3.8cm,"MDF (Közepes Sűrűségű Rostlemez), Acél",2,https://www.deco24.hu/vasagle-lebego-fali-polc-feher-40x20x3cm
"Fürdőszobai szekrény, mosdó alá 60 x 30 x 60 cm, szürke",BBC001G01,"28,500 (Ft)","22,800 (Ft)",9,VASAGLE,1 év,60x30x60cm,MDF,2,https://www.deco24.hu/Furdoszobai-szekreny-mosdo-ala-60-x-30-x-60-cm-szu
"Fali polc, könyves polc, rusztikus barna 64×34×186cm",LLS46BX,"35,900 (Ft)","28,700 (Ft)",13,VASAGLE,1 év,64×34.2×186.5cm,"Forgácslap, Acél",2,https://www.deco24.hu/vasagle-fali-polc-konyves-polc-rusztikus-barna-64x34x186cm
"Irodai szék műbőr, fekete",OBG21B,"73,500 (Ft)","58,800 (Ft)",16,SONGMICS,1 év,52x53x(112-122)cm,"Nylon, , Polimer hab, PU (Bőr)",3,https://www.deco24.hu/songmics-irodai-szek-mubor-fekete
"Étkezőasztal 4 személyes, rusztikus barna 120x75x75cm",KDT75X,"63,700 (Ft)","51,000 (Ft)",19,VASAGLE,1 év,120x75x75cm,"Forgácslap, Acél",3,https://www.deco24.hu/vasagle-etkezoasztal-4-szemelyes-rusztikus-barna-120x75x75cm
"Kerek lerakóasztal szövet kosárral, kék 45×45×51cm",LET223Q62,"18,900 (Ft)","15,100 (Ft)",4,VASAGLE,1 év,45×45×51cm,"Forgácslap, Acél, Poliészter",3,https://www.deco24.hu/vasagle-kerek-lerakoasztal-szovet-kosarral-kek-45x45x51cm
"Szövet ruhatároló szekrény hordozható gardrób, szürke 140x43x174cm",RYG02GY,"23,900 (Ft)","19,100 (Ft)",6,SONGMICS,1 év,140x43x174cm,"Acél, Nem szőtt szövet, Műanyag",2,https://www.deco24.hu/songmics-szovet-ruhatarolo-szekreny-hordozhato-gardrob-szurke-140x43x174cm
"Sarok íróasztal monitor állvánnyal, fekete 140x130x92cm",LWD56BK,"64,800 (Ft)","51,800 (Ft)",25,VASAGLE,1 év,140x130x92.2cm,"Forgácslap, Acél",2,https://www.deco24.hu/vasagle-sarok-iroasztal-monitor-allvannyal-fekete-140x130x92cm
"Bárasztal készlet két székkel, rusztikus barna 120x60x90cm/40x30x65cm",LBT15X,"68,900 (Ft)","55,100 (Ft)",26,VASAGLE,1 év,120x60x90cm/40x30x65cm,"Forgácslap, Acél",2,https://www.deco24.hu/vasagle-barasztal-keszlet-ket-szekkel-rusztikus-barna-120x60x90cm/40x30x65cm
"Vállfa készlet 20db csúszásmentes nadrágtartóval, fekete",CRW02B-20, (Ft), (Ft),3,SONGMICS,1 év,44.5x23x1.2cm,Masszív fa,1,https://www.deco24.hu/songmics-vallfa-keszlet-20db-csuszasmentes-nadragtartoval-fekete
"Konyhai bárpult polcokkal, rusztikus barna 110x60x100cm",LBT11X,"63,700 (Ft)","51,000 (Ft)",18,VASAGLE,1 év,110x60x100cm,"Forgácslap, Acél",2,https://www.deco24.hu/vasagle-konyhai-barpult-polcokkal-rusztikus-barna-110x60x100cm
"Szelektív szemeteskuka 3x15L, ezüst",LTB45L,"50,500 (Ft)","40,400 (Ft)",6,SONGMICS,1 év,60x33x48cm,"Acél, Polipropilén (PP)",2,https://www.deco24.hu/songmics-szelektiv-szemeteskuka-3x15l-ezust
"Cipőtartó polc 5 szintes fém háló polcokkal, fekete 74x30x104cm",LMR005B,"25,300 (Ft)","20,200 (Ft)",6,SONGMICS,1 év,74x30.7x104cm,,1,https://www.deco24.hu/songmics-cipotarto-polc-5-szintes-fem-halo-polcokkal-fekete-74x30x104cm
"Lebegő fali polc, fehér 60x20x3cm",LWS26WT,"10,400 (Ft)","8,390 (Ft)",2,VASAGLE,,60x20x3.8cm,"MDF (Közepes Sűrűségű Rostlemez), Acél",1,https://www.deco24.hu/vasagle-lebego-fali-polc-feher-60x20x3cm
"Konzolasztal fém hálós polccal, rusztikus barna 45x45x55cm",LET41XV1,"18,700 (Ft)","15,000 (Ft)",6,VASAGLE,1 év,45x45x55cm,"Forgácslap, Acél",6,https://www.deco24.hu/vasagle-konzolasztal-fem-halos-polccal-rusztikus-barna-45x45x55cm
"Vállfa készlet 20db csúszásmentes nadrágtartóval, fehér",CRW03W-20, (Ft), (Ft),2,SONGMICS,1 év,44.5x23x1.2cm,Masszív fa,6,https://www.deco24.hu/songmics-vallfa-keszlet-20db-csuszasmentes-nadragtartoval-feher
"Ékszertartó doboz üvegfedéllel, 2 fiókkal, fekete 23x20x13cm",JBC239BK,"18,200 (Ft)","14,600 (Ft)",1,SONGMICS,,23.1x20.3x13.5cm,"MDF (Közepes Sűrűségű Rostlemez), PU (Bőr), Bársony szövet, Üveg",5,https://www.deco24.hu/songmics-ekszertarto-doboz-uvegfedellel-2-fiokkal-fekete-23x20x13cm
"Bársony vállfa, csúszásmentes ruhaakasztó 50 db, rózsaszín",CRF50PK,"14,400 (Ft)","11,500 (Ft)",4,SONGMICS,1 év,42.7×22×0.6cm,Akrilonitril-Butadién-Sztirol műanyag (ABS),1,https://www.deco24.hu/songmics-barsony-vallfa-csuszasmentes-ruhaakaszto-50-db-rozsaszin
"Bambusz fűszertartó 2 darabos szett, 3 szint, fekete 32x24x11/9cm",KCS016N01,"9,690 (Ft)","7,890 (Ft)",2,SONGMICS,,32x24.5x11.2/32x24x9.5cm,"Acél, Bambusz",6,https://www.deco24.hu/songmics-bambusz-fuszertarto-2-darabos-szett-3-szint-fekete-32x24x11/9cm
"Könyvespolc, tárolópolc, rusztikus barna 100x97x30cm",LBC52BX,"38,000 (Ft)","30,400 (Ft)",25,VASAGLE,1 év,100x97.5x30cm,Forgácslap,6,https://www.deco24.hu/vasagle-konyvespolc-tarolopolc-rusztikus-barna-100x97x30cm
"Cipőtartó polc 3 szintes fém háló polcokkal, fekete 74x30x62cm",LMR03B,"13,400 (Ft)","10,700 (Ft)",4,SONGMICS,1 év,74x30.5x62.5cm,Acél,2,https://www.deco24.hu/songmics-cipotarto-polc-3-szintes-fem-halo-polcokkal-fekete-74x30x62cm
"Cipőtároló polc 5 fém hálós polccal, fekete 100x30x110cm",LBS016B01,"37,500 (Ft)","30,000 (Ft)",11,VASAGLE,1 év,100x30x110cm,"Forgácslap, Acél",2,https://www.deco24.hu/vasagle-cipotarolo-polc-5-fem-halos-polccal-fekete-100x30x110cm
"Könyvespolc, álló polc, rusztikus barna 66x30x153cm",LLS061B01,"34,600 (Ft)","27,700 (Ft)",13,VASAGLE,1 év,66x30x153cm,"Forgácslap, Acél",6,https://www.deco24.hu/vasagle-konyvespolc-allo-polc-rusztikus-barna-66x30x153cm
"Négyzet alakú dohányzóasztal, rusztikus barna 80x80x45cm",LCT065B01,"43,300 (Ft)","34,600 (Ft)",12,VASAGLE,1 év,80x80x45cm,"Forgácslap, Acél",6,https://www.deco24.hu/vasagle-negyzet-alaku-dohanyzoasztal-rusztikus-barna-80x80x45cm
"Konzolasztal polcokkal edzett üveglappal, fekete 100x35x80cm",LGT026B01,"25,400 (Ft)","20,300 (Ft)",7,VASAGLE,1 év,100x35x80cm,"Acél, Üveg",6,https://www.deco24.hu/vasagle-konzolasztal-polcokkal-edzett-uveglappal-fekete-100x35x80cm
"Szövet szennyeskosár 4 kivehető zsákkal 4x35L, szürke",LSF005GS,"20,000 (Ft)","16,000 (Ft)",4,SONGMICS,1 év,87.5x81x38.5cm,"Acél, Poliészter",6,https://www.deco24.hu/songmics-szovet-szennyeskosar-4-kiveheto-zsakkal-4x35l-szurke
Ruhaállvány két akasztóval és kétpolccal fehér 114x45x114cm,RDR02WT,"13,800 (Ft)","11,000 (Ft)",3,SONGMICS,1 év,117x47x176cm,"Acél, Nem szőtt szövet, Műanyag",6,https://www.deco24.hu/Ruhaallvany-ket-akasztoval-es-ketpolccal-feher-114
"Mosógép feletti tárolószekrény, fürdőszoba szekrény, rusztikus barna 64x24x171cm",BTS003B01,"58,000 (Ft)","46,400 (Ft)",19,VASAGLE,1 év,64x24x171cm,"Forgácslap, Acél",1,https://www.deco24.hu/vasagle-mosogep-feletti-taroloszekreny-furdoszoba-szekreny-rusztikus-barna-64x24x171cm
"Konzolasztal fém hálós polccal, rusztikus barna 101x35x80cm",LNT80X,"25,600 (Ft)","20,500 (Ft)",9,VASAGLE,1 év,101.5x35x80cm,"Forgácslap, Acél",6,https://www.deco24.hu/vasagle-konzolasztal-fem-halos-polccal-rusztikus-barna-101x35x80cm
"Komód elhúzható ajtóval és fiókokkal, rusztikus barna 70x30x80cm",LSC100B01,"49,500 (Ft)","39,600 (Ft)",20,VASAGLE,1 év,70x30x80cm,"Forgácslap, Acél",6,https://www.deco24.hu/vasagle-komod-elhuzhato-ajtoval-es-fiokokkal-rusztikus-barna-70x30x80cm
"Bárasztal készlet két székkel, rusztikus barna 100x40x90cm/30x40x65cm",LBT218B01V1,"49,600 (Ft)","39,700 (Ft)",18,VASAGLE,1 év,100x40x90cm/30x40x65cm,"Forgácslap, Vas",5,https://www.deco24.hu/vasagle-barasztal-keszlet-ket-szekkel-rusztikus-barna-100x40x90cm/30x40x65cm
"Konyhai ülőpad 2db, rusztikus barna 108x33x50cm",KTB33X,"44,000 (Ft)","35,200 (Ft)",15,VASAGLE,1 év,108x33.5x50cm,"Forgácslap, Acél",1,https://www.deco24.hu/vasagle-konyhai-ulopad-2db-rusztikus-barna-108x33x50cm
"íróasztal, számítógép asztal, rusztikus barna 100x50x75cm",LWD41XV1,"26,300 (Ft)","21,000 (Ft)",10,VASAGLE,1 év,100x50x75cm,"Forgácslap, Acél",1,https://www.deco24.hu/vasagle-iroasztal-szamitogep-asztal-rusztikus-barna-100x50x75cm
"Kerek lerakóasztal, rusztikus barna, fekete acél lábakkal",LET57X,"23,700 (Ft)","19,000 (Ft)",5,VASAGLE,1 év,50x36x57cm,"Forgácslap, Acél",6,https://www.deco24.hu/Kerek-lerakoasztal-rusztikus-barna-fekete-acel-lab
"Szövet ruhatároló szekrény hordozható gardrób, fekete 175 x 150 x 45 cm",RYG12B,"20,400 (Ft)","16,300 (Ft)",5,SONGMICS,1 év,150x45x175cm,"Acél, Nem szőtt szövet, Műanyag",1,https://www.deco24.hu/Szovet-ruhatarolo-szekreny-hordozhato-gardrob-feke
"Fésülködőasztal, sminkasztal tükörrel fiókokkal, fehér 100x40x142cm",RDT115W01,"57,400 (Ft)","45,900 (Ft)",28,VASAGLE,1 év,100x40x142cm,"MDF, Üveg",2,https://www.deco24.hu/vasagle-fesulkodoasztal-sminkasztal-tukorrel-fiokokkal-feher-100x40x142cm
"Konzolasztal két fiókkal, beépített elosztóval, lerakóasztal, rusztikus barna",LET325B01,"42,400 (Ft)","33,900 (Ft)",14,VASAGLE,1 év,60x35x60cm,,6,https://www.deco24.hu/Konzolasztal-ket-fiokkal-beepitett-elosztoval-lera
"3 darabos lebegő polc szett magasfényű bevonattal, fehér 60x10x5cm",LWS60WT,"12,800 (Ft)","10,200 (Ft)",2,SONGMICS,1 év,60x10x5cm,MDF (Közepes Sűrűségű Rostlemez),5,https://www.deco24.hu/songmics-3-darabos-lebego-polc-szett-magasfenyu-bevonattal-feher-60x10x5cm
"Könyvespolc, tárolópolc 3 ajtóval, fehér 97x97x29cm",LBC33WT,"45,600 (Ft)","36,500 (Ft)",28,VASAGLE,1 év,97.5x97.5x29cm,Forgácslap,1,https://www.deco24.hu/vasagle-konyvespolc-tarolopolc-3-ajtoval-feher-97x97x29cm
"Cipőtároló polc 4 fém hálós polccal, rusztikus barna 93×75×30cm",LBS038B01,"27,700 (Ft)","22,200 (Ft)",8,VASAGLE,1 év,93.0×75.0×30.0cm,"Forgácslap, Acél",5,https://www.deco24.hu/vasagle-cipotarolo-polc-4-fem-halos-polccal-rusztikus-barna-93x75x30cm
"Cipőtartó polc szett, 6 szint, 45x30x106cm, fekete",LSA23BK,"9,790 (Ft)","7,890 (Ft)",2,SONGMICS,,45x30x106cm,"Vas, Műanyag",5,https://www.deco24.hu/Cipotarto-polc-szett-6-szint-45x30x106cm-fekete
"Műanyag ruhafugas 30 db csúszásmentes felület, szürke",CRP20G30,"9,990 (Ft)","8,090 (Ft)",3,SONGMICS,1 év,42x21.5x0.5cm,Akrilonitril-Butadién-Sztirol műanyag (ABS),5,https://www.deco24.hu/songmics-muanyag-ruhafugas-30-db-csuszasmentes-felulet-szurke
"Éjjeliszekrény fiókkal és polccal, rusztikus barna 45x45x60cm",LET067B01,"28,700 (Ft)","23,000 (Ft)",17,VASAGLE,1 év,45x45x60cm,"Forgácslap, Acél",5,https://www.deco24.hu/vasagle-ejjeliszekreny-fiokkal-es-polccal-rusztikus-barna-45x45x60cm
"3 darabos lebegő polc szett, fehér 60x15x10cm/45x15x10cm/30x15x10cm",LWS66WV1,"16,000 (Ft)","12,800 (Ft)",4,SONGMICS,1 év,60x15x10cm/45x15x10cm/30x15x10cm,MDF (Közepes Sűrűségű Rostlemez),5,https://www.deco24.hu/songmics-3-darabos-lebego-polc-szett-feher-60x15x10cm/45x15x10cm/30x15x10cm
"Fali ruhafogas 2 darab, fekete 110x30x29cm",HSR64BK-02, (Ft), (Ft),5,SONGMICS,1 év,110x30x29.5cm,Acél,5,https://www.deco24.hu/songmics-fali-ruhafogas-2-darab-fekete-110x30x29cm
"TV-szekrény két ajtós, polcokkal, rusztikus barna 140x40x45cm",LTV027X01,"50,100 (Ft)","40,100 (Ft)",27,VASAGLE,1 év,140x40x45cm,Masszív fa,6,https://www.deco24.hu/vasagle-tv-szekreny-ket-ajtos-polcokkal-rusztikus-barna-140x40x45cm
"Ékszertartó doboz 5 fiókkal és tükörrel, fehér 26x15x32cm",JBC152W01,"25,100 (Ft)","20,100 (Ft)",3,SONGMICS,1 év,26x15x32cm,"MDF (Közepes Sűrűségű Rostlemez), PU (Bőr), Bársony szövet, Üveg",5,https://www.deco24.hu/songmics-ekszertarto-doboz-5-fiokkal-es-tukorrel-feher-26x15x32cm
"Cipőtároló polc 4 fém hálós polccal, rusztikus barna 100x30x92cm",LBS15BX,"30,000 (Ft)","24,000 (Ft)",11,VASAGLE,1 év,100x30x92.5cm,"Forgácslap, Acél",5,https://www.deco24.hu/vasagle-cipotarolo-polc-4-fem-halos-polccal-rusztikus-barna-100x30x92cm
"Álló ruhafogas fa 8 akasztóval, fehér",RCR04WT,"13,800 (Ft)","11,000 (Ft)",2,VASAGLE,1 év,47x47x175cm,Gumi fa,5,https://www.deco24.hu/vasagle-allo-ruhafogas-fa-8-akasztoval-feher
"Szövet cipőtároló szekrény, fekete 100x28x162cm",RXJ00H,"21,900 (Ft)","17,500 (Ft)",4,SONGMICS,1 év,100x28x162cm,"Acél, Nem szőtt szövet, Műanyag",5,https://www.deco24.hu/Szovet-cipotarolo-szekreny-fekete-100x28x162cm
"Cipőtároló polc 4 fém hálós polccal, greige 100x30x92cm",LBS015B02,"32,300 (Ft)","25,800 (Ft)",11,VASAGLE,1 év,100x30x92.5cm,"Forgácslap, Acél",5,https://www.deco24.hu/vasagle-cipotarolo-polc-4-fem-halos-polccal-greige-100x30x92cm
Bambusz laptop asztal állítható magasság 71x35cm,LLD004,"18,700 (Ft)","15,000 (Ft)",3,SONGMICS,1 év,71.5x35x(21-29)cm,Bambusz,5,https://www.deco24.hu/songmics-bambusz-laptop-asztal-allithato-magassag-71x35cm
"Konzolasztal 2 fém hálós polcccal, rusztikus barna 101x35x80cm",LNT81BX,"37,800 (Ft)","30,200 (Ft)",11,VASAGLE,1 év,101.5x35x80cm,"Forgácslap, Acél",6,https://www.deco24.hu/vasagle-konzolasztal-2-fem-halos-polcccal-rusztikus-barna-101x35x80cm
"Ékszertartó doboz 2 fiókkal és tükörrel, fekete 26x18x17cm",JBC121B,"25,600 (Ft)","20,500 (Ft)",2,SONGMICS,1 év,26x18x17cm,"MDF (Közepes Sűrűségű Rostlemez), PU (Bőr), Bársony szövet",5,https://www.deco24.hu/songmics-ekszertarto-doboz-2-fiokkal-es-tukorrel-fekete-26x18x17cm
"Kerek dohányzóasztal üveglappal, arany 84x84x45cm",LGT21G,"40,400 (Ft)","32,300 (Ft)",9,VASAGLE,1 év,84x84x45.5cm,"Acél, Üveg",1,https://www.deco24.hu/vasagle-kerek-dohanyzoasztal-uveglappal-arany-84x84x45cm
"Konzolasztal polcokkal edzett üveglappal, arany 100x30x73cm",LGT27G,"32,900 (Ft)","26,300 (Ft)",14,VASAGLE,1 év,100x30x73cm,"Acél, Üveg",5,https://www.deco24.hu/vasagle-konzolasztal-polcokkal-edzett-uveglappal-arany-100x30x73cm
"Könyvespolc elválasztókkal, tárolópolc, rusztikus barna 154x74x30cm",LBC022B01,"46,000 (Ft)","36,800 (Ft)",25,VASAGLE,1 év,154.5x74x30cm,"Forgácslap, Acél",5,https://www.deco24.hu/vasagle-konyvespolc-elvalasztokkal-tarolopolc-rusztikus-barna-154x74x30cm
"Ékszertartó doboz 5 fiókkal és tükörrel, fehér 30x21x31cm",JBC138,"36,800 (Ft)","29,400 (Ft)",5,SONGMICS,1 év,30.5x21.5x31.5cm,Felület: PU (Bőr) MDF szerkezet belül,5,https://www.deco24.hu/songmics-ekszertarto-doboz-5-fiokkal-es-tukorrel-feher-30x21x31cm
"Könyvespolc, tárolópolc, rusztikus barna 66x30x120cm",LLS60BX,"27,300 (Ft)","21,800 (Ft)",11,VASAGLE,1 év,66x30x120cm,"Forgácslap, Acél",5,https://www.deco24.hu/vasagle-konyvespolc-tarolopolc-rusztikus-barna-66x30x120cm
"Fém tároló állvány fürdőszobába, konyhába, fekete 30x30x121cm",LGR23BK,"18,600 (Ft)","14,900 (Ft)",4,SONGMICS,1 év,30x30x121cm,"Acél, Polipropilén (PP)",5,https://www.deco24.hu/songmics-fem-tarolo-allvany-furdoszobaba-konyhaba-fekete-30x30x121cm
"Álló ékszeres szekrény, tükörrel, polcokkal, zárható, fehér 162x55x55cm",JBC62W,"82,200 (Ft)","65,800 (Ft)",21,SONGMICS,1 év,162x55x55cm,"MDF, Bársony szövet, Üveg, Vasalatok",5,https://www.deco24.hu/songmics-allo-ekszeres-szekreny-tukorrel-polcokkal-zarhato-feher-162x55x55cm
"Cipőtároló polc 3 szintes, natúr 70x26x55cm",LBS03H,"18,500 (Ft)","14,800 (Ft)",3,SONGMICS,1 év,70x26x55cm,Bambusz,5,https://www.deco24.hu/songmics-cipotarolo-polc-3-szintes-natur-70x26x55cm
"Kerek dohányzóasztal üveglappal, fekete 84x84x45cm",LGT021B01,"31,700 (Ft)","23,800 (Ft)",9,VASAGLE,,84x84x45.5cm,"Vas, Üveg",10,https://www.deco24.hu/vasagle-kerek-dohanyzoasztal-uveglappal-fekete-84x84x45cm
"Lerakóasztal fém vázzal, greige 50x35x59cm",LNT050B02,"18,500 (Ft)","14,800 (Ft)",5,VASAGLE,,50x35x59.5cm,"Forgácslap, Acél",1,https://www.deco24.hu/vasagle-lerakoasztal-fem-vazzal-greige-50x35x59cm
"Konyhai tálaló kocsi, gurulós tároló polc, rusztikus barna 72x40x86cm",LRC72XV1,"40,600 (Ft)","32,500 (Ft)",13,VASAGLE,1 év,72x40x86cm,"MDF (Közepes Sűrűségű Rostlemez), Forgácslap, Acél",5,https://www.deco24.hu/vasagle-konyhai-talalo-kocsi-gurulos-tarolo-polc-rusztikus-barna-72x40x86cm
"Íróasztal polcokkal, rusztikus barna 100x50x75cm",LWD046B01,"30,000 (Ft)","24,000 (Ft)",12,VASAGLE,1 év,100x50x75cm,"Forgácslap, Acél",6,https://www.deco24.hu/vasagle-iroasztal-polcokkal-rusztikus-barna-100x50x75cm
"Szövet szennyeskosár 3 kivehető zsákkal 3x44L, fekete",LSF003B,"20,100 (Ft)","16,100 (Ft)",4,SONGMICS,1 év,83.4x77.6x41.5cm,"Acél, Poliészter",5,https://www.deco24.hu/songmics-szovet-szennyeskosar-3-kiveheto-zsakkal-3x44l-fekete
"Cipőtároló pad két tároló szinttel, greige 73x30x45cm",LBS73MB,"25,300 (Ft)","20,200 (Ft)",7,VASAGLE,1 év,73x30x45.5cm,"Forgácslap, Acél",5,https://www.deco24.hu/vasagle-cipotarolo-pad-ket-tarolo-szinttel-greige-73x30x45cm
"2 db éjjeliszekrény két fiókkal, fehér 30x38x52cm",RDN012,"51,800 (Ft)","41,400 (Ft)",19,VASAGLE,1 év,30x38x52cm,"MDF (Közepes Sűrűségű Rostlemez), Fenyőfa",1,https://www.deco24.hu/vasagle-2-db-ejjeliszekreny-ket-fiokkal-feher-30x38x52cm
"Fésülködőasztal, sminkasztal tükörrel fiókokkal párnázott székkel és világítással,",RVT004B02V1,"74,700 (Ft)","59,800 (Ft)",27,VASAGLE,,90x40x140.8cm,"Forgácslap, Tükör, Acél",5,https://www.deco24.hu/vasagle-fesulkodoasztal-sminkasztal-tukorrel-fiokokkal-parnazott-szekkel-es-vilagitassal-greige-90x4
"Tárolószekrény ajtóval és nyitott polcokkal, rusztikus barna 70x30x81cm",LSC74BXV1,"46,200 (Ft)","37,000 (Ft)",17,VASAGLE,1 év,70x30x81.5cm,"Forgácslap, Acél",6,https://www.deco24.hu/vasagle-taroloszekreny-ajtoval-es-nyitott-polcokkal-rusztikus-barna-70x30x81cm
"Macska alomszekrény, alomtálca tartó, greige 80x53x50cm",PCL002G01,"36,700 (Ft)","29,400 (Ft)",16,FEANDREA,,80x53x50cm,"Forgácslap, MDF (Közepes Sűrűségű Rostlemez)",5,https://www.deco24.hu/feandrea-macska-alomszekreny-alomtalca-tarto-greige-80x53x50cm
"3 darabos lebegő polc szett, képeknek és könyveknek, 38 x 10cm, fehér",LWS38WT,"14,100 (Ft)","11,300 (Ft)",2,SONGMICS,1 év,38x10x5cm,MDF (Közepes Sűrűségű Rostlemez),6,https://www.deco24.hu/3-darabos-lebego-polc-szett-kepeknek-es-konyveknek
"Előszoba fogas polccal, akasztókkal, cipőtartóval és ülőkével, fekete 187x68x35cm",HSR04B,"28,600 (Ft)","22,900 (Ft)",6,SONGMICS,1 év,187x68.8x35.2cm,Acél,5,https://www.deco24.hu/songmics-eloszoba-fogas-polccal-akasztokkal-cipotartoval-es-ulokevel-fekete-187x68x35cm
"Szennyestartó 2 rekeszes, mágneses fedéllel 2x71L, fekete",LCB02BK,"16,500 (Ft)","13,200 (Ft)",4,SONGMICS,1 év,36x60x66cm,"MDF (Közepes Sűrűségű Rostlemez), Poliészter, TC szövet",5,https://www.deco24.hu/songmics-szennyestarto-2-rekeszes-magneses-fedellel-2x71l-fekete
"Macska kaparófa, cicaházzal, rusztikus barna 66x42x88cm",PCT70HW,"45,600 (Ft)","36,500 (Ft)",15,FEANDREA,1 év,66x42x88cm,"MDF (Közepes Sűrűségű Rostlemez), Papír, Kémiai rost, Lenette szövet",5,https://www.deco24.hu/feandrea-macska-kaparofa-cicahazzal-rusztikus-barna-66x42x88cm
"Macska kaparófa macskaházzal, szürke 50x50x141cm",PCT02W,"61,400 (Ft)","49,100 (Ft)",23,FEANDREA,1 év,50x50x141cm,"Forgácslap, Papír, Bársony szövet, Lenette szövet",5,https://www.deco24.hu/feandrea-macska-kaparofa-macskahazzal-szurke-50x50x141cm
"Könyvespolc, tárolópolc, fehér 97x30x100cm",LBC52WT,"39,600 (Ft)","31,700 (Ft)",25,VASAGLE,1 év,97.5x30x100cm,Forgácslap,5,https://www.deco24.hu/vasagle-konyvespolc-tarolopolc-feher-97x30x100cm
"Cipőtároló pad, párnázott ülőfelülettel, rusztikus barna 80x30x48cm",LBS75X,"38,900 (Ft)","31,100 (Ft)",8,VASAGLE,1 év,80x30x48cm,"Forgácslap, Acél, PU (Bőr)",5,https://www.deco24.hu/vasagle-cipotarolo-pad-parnazott-ulofelulettel-rusztikus-barna-80x30x48cm
"Szennyestartó, polccal kihúzható és levehető ruhatartó zsákkal 2x46L, fekete",BLH211B01,"41,300 (Ft)","33,000 (Ft)",9,VASAGLE,1 év,73×33×92cm,"Forgácslap, Acél, Nem szőtt szövet",5,https://www.deco24.hu/vasagle-szennyestarto-polccal-kihuzhato-es-leveheto-ruhatarto-zsakkal-2x46l-fekete
"Bársony vállfa, csúszásmentes ruhaakasztó 30 db, rózsaszín",CRF21PK30,"9,790 (Ft)","7,890 (Ft)",2,SONGMICS,,42.7×22×0.6cm,Akrilonitril-Butadién-Sztirol műanyag (ABS),5,https://www.deco24.hu/songmics-barsony-vallfa-csuszasmentes-ruhaakaszto-30-db-rozsaszin
"Szennyestartó, kihúzható és levehető ruhatartó zsákkal 3x38L, barna, fekete",BLH301B01V1,"33,000 (Ft)","26,400 (Ft)",8,VASAGLE,1 év,92.5×33×72cm,"Forgácslap, Acél, Nem szőtt szövet",5,https://www.deco24.hu/vasagle-szennyestarto-kihuzhato-es-leveheto-ruhatarto-zsakkal-3x38l-barna-fekete
"Gurulós ruhaállvány, fekete 130x49x198cm",HSR62BK,"25,900 (Ft)","20,700 (Ft)",7,SONGMICS,1 év,130x49x198cm,Acél,4,https://www.deco24.hu/songmics-gurulos-ruhaallvany-fekete-130x49x198cm
"Szövet ruhatároló szekrény hordozható gardrób, fekete 140x43x174cm",RYG02BK,"22,300 (Ft)","17,800 (Ft)",6,SONGMICS,1 év,140x43x174cm,"Acél, Nem szőtt szövet, Műanyag",4,https://www.deco24.hu/songmics-szovet-ruhatarolo-szekreny-hordozhato-gardrob-fekete-140x43x174cm
"Műbőr óratároló doboz 10 rekesszel, üvegfedéllel, fekete 25x20x7cm",JWB010BK,"8,290 (Ft)","6,690 (Ft)",1,SONGMICS,,25x20x7.5cm,"MDF (Közepes Sűrűségű Rostlemez), PU (Bőr), Bársony szövet, Üveg",4,https://www.deco24.hu/songmics-mubor-oratarolo-doboz-10-rekesszel-uvegfedellel-fekete-25x20x7cm
"Bársony vállfa, csúszásmentes ruhaakasztó 20 db, fekete",CRF20B,"6,990 (Ft)","5,690 (Ft)",2,SONGMICS,,42.7×22×0.6cm,Akrilonitril-Butadién-Sztirol műanyag (ABS),4,https://www.deco24.hu/songmics-barsony-vallfa-csuszasmentes-ruhaakaszto-20-db-fekete
"Bortartó polc 20 borosüvegnek, pohártartóval, rusztikus barna és fekete 50 x 32 x 100 cm",LWR020B01,"42,600 (Ft)","34,100 (Ft)",11,VASAGLE,1 év,50x32x100cm,"Forgácslap, Acél",5,https://www.deco24.hu/Bortarto-polc-20-borosuvegnek-pohartartoval-ruszti
"Összecsukható tárolódobozok cipzárral 3db, szürke 40x30x25cm",RYZB03G,"10,400 (Ft)","8,390 (Ft)",2,SONGMICS,,40x30x25cm,Nem szőtt szövet,9,https://www.deco24.hu/songmics-osszecsukhato-tarolodobozok-cipzarral-3db-szurke-40x30x25cm
"Éjjeliszekrény két polccal, rusztikus barna 35x35x70cm",LET502B01,"24,100 (Ft)","19,300 (Ft)",9,VASAGLE,1 év,35x35x70cm,"Forgácslap, Acél",4,https://www.deco24.hu/vasagle-ejjeliszekreny-ket-polccal-rusztikus-barna-35x35x70cm
"Könyvespolc, álló polc, rusztikus barna 56x32x172cm",LLS45X,"30,600 (Ft)","24,500 (Ft)",14,VASAGLE,1 év,56.2x32x172.1cm,"Forgácslap, Acél",4,https://www.deco24.hu/vasagle-konyvespolc-allo-polc-rusztikus-barna-56x32x172cm
"Ékszertartó doboz üvegablakkal 3 oldalsó fiókkal, fehér",JBC162W01,"29,400 (Ft)","23,500 (Ft)",3,SONGMICS,,,"MDF (Közepes Sűrűségű Rostlemez), PU (Bőr), Bársony szövet",4,https://www.deco24.hu/songmics-ekszertarto-doboz-uvegablakkal-3-oldalso-fiokkal-feher
"Összecsukható háztartási létra, két lépcsőfok, maximum 150kg",GSL12WT,"18,100 (Ft)","14,500 (Ft)",4,SONGMICS,1 év,86.5x44.5x4.5cm,"Acél, Polipropilén (PP)",5,https://www.deco24.hu/Osszecsukhato-haztartasi-letra-ket-lepcsofok-maxim
"Kerek lerakóasztal szövet kosárral, fehér 45×45×51cm",LET223W10,"16,700 (Ft)","12,500 (Ft)",4,VASAGLE,1 év,45×45×51cm,"Forgácslap, Acél, Poliészter",9,https://www.deco24.hu/vasagle-kerek-lerakoasztal-szovet-kosarral-feher-45x45x51cm
"Képeret 10 darabos készlet 3 különböző méretben, fekete 28x23x1cm/20x15x1cm/18x13x1cm",RPF310H,"14,100 (Ft)","11,300 (Ft)",2,SONGMICS,1 év,28.4x23.3x1.2cm/20.2x15.2x1.2cm/18.2x13.2x1.2cm,"MDF, Polisztirol (PS)",4,https://www.deco24.hu/songmics-keperet-10-darabos-keszlet-3-kulonbozo-meretben-fekete-28x23x1cm/20x15x1cm/18x13x1cm
"Cipőtároló polc 3 szintes, fehér 70x26x55cm",LBS13W,"16,800 (Ft)","13,400 (Ft)",3,SONGMICS,1 év,70x26x55cm,Bambusz,4,https://www.deco24.hu/songmics-cipotarolo-polc-3-szintes-feher-70x26x55cm
"2 darabos fali polc szett, rusztikus barna 60x33x20cm",LCR01BX,"14,700 (Ft)","11,800 (Ft)",4,VASAGLE,1 év,60x33x20cm,"Forgácslap, Acél",4,https://www.deco24.hu/vasagle-2-darabos-fali-polc-szett-rusztikus-barna-60x33x20cm
"Álló ruhafogas fém 12 akasztóval, fekete",RCR17B,"11,700 (Ft)","9,490 (Ft)",3,SONGMICS,1 év,53.5x53.5x178cm,Acél,4,https://www.deco24.hu/songmics-allo-ruhafogas-fem-12-akasztoval-fekete
"Fém tároló állvány üvegpolcokkal fürdőszobába, konyhába, arany 40x30x95cm",LGT28G,"20,400 (Ft)","16,300 (Ft)",6,VASAGLE,1 év,40x30x95cm,"Acél, Üveg",5,https://www.deco24.hu/vasagle-fem-tarolo-allvany-uvegpolcokkal-furdoszobaba-konyhaba-arany-40x30x95cm
"Könyvespolc, álló polc, rusztikus barna 33x33x124cm",LLS34XV1,"22,700 (Ft)","18,200 (Ft)",5,VASAGLE,1 év,33.9x33.9x124.5cm,"Forgácslap, Acél",5,https://www.deco24.hu/vasagle-konyvespolc-allo-polc-rusztikus-barna-33x33x124cm
"Konzolasztal polcokkal edzett üveglappal, fekete 100x80x35cm",LGT025B01,"25,600 (Ft)","20,500 (Ft)",12,VASAGLE,1 év,100x80x35cm,"Vas, Üveg",4,https://www.deco24.hu/vasagle-konzolasztal-polcokkal-edzett-uveglappal-fekete-100x80x35cm
"Gurulós ruhaállvány, fekete 100x59x146-162cm",HSR60B,"35,100 (Ft)","28,100 (Ft)",9,SONGMICS,1 év,100x59x146—162cm,Acél,5,https://www.deco24.hu/songmics-gurulos-ruhaallvany-fekete-100x59x146-162cm
"Mosógép feletti tárolószekrény, fürdőszoba szekrény, rusztikus barna 63x25x165cm",BTS002B01V1,"33,500 (Ft)","26,800 (Ft)",11,VASAGLE,1 év,63x25x165cm,"Forgácslap, Acél",5,https://www.deco24.hu/vasagle-mosogep-feletti-taroloszekreny-furdoszoba-szekreny-rusztikus-barna-63x25x165cm
"Ékszertartó doboz 2 fiókkal és tükörrel, fehér 26x18x17cm",JBC121W,"23,400 (Ft)","18,700 (Ft)",2,SONGMICS,1 év,26x18x17cm,"MDF (Közepes Sűrűségű Rostlemez), PU (Bőr), Bársony szövet",4,https://www.deco24.hu/songmics-ekszertarto-doboz-2-fiokkal-es-tukorrel-feher-26x18x17cm
"Kerek lerakóasztal szövet kosárral, türkiz 45×45×51cm",LET223B56,"18,200 (Ft)","14,600 (Ft)",4,VASAGLE,1 év,45×45×51cm,"Forgácslap, Acél, Poliészter",4,https://www.deco24.hu/vasagle-kerek-lerakoasztal-szovet-kosarral-turkiz-45x45x51cm
"Szennyestartó ruhaakasztóval, kivehető ruhatartó kosár, rusztikus barna és fekete",BLH241B01,"28,200 (Ft)","22,600 (Ft)",7,VASAGLE,1 év,73x33x175cm,,5,https://www.deco24.hu/Szennyestarto-ruhaakasztoval-kiveheto-ruhatarto-ko
"Konzolasztal két fém hálós polccal, rusztikus barna 60x30x60cm",LET33BX,"24,400 (Ft)","19,500 (Ft)",7,VASAGLE,1 év,60x30x60cm,"Forgácslap, Acél",4,https://www.deco24.hu/Konzolasztal-ket-fem-halos-polccal-rusztikus-barna
"Fém ketrec háziállatoknak tengerimalac, hörcsög, nyúl számára 36 paneles, fekete 143x73x71cm",LPI02H,"25,500 (Ft)","20,400 (Ft)",9,SONGMICS,1 év,143x73x71cm,"Acél, Akrilonitril-Butadién-Sztirol műanyag (ABS)",5,https://www.deco24.hu/songmics-fem-ketrec-haziallatoknak-tengerimalac-horcsog-nyul-szamara-36-paneles-fekete-143x73x71cm
"Kerek lerakóasztal edzett üveglappal, arany 50x50x55cm",LGT20G,"20,700 (Ft)","16,600 (Ft)",4,VASAGLE,1 év,50x50x55cm,"Acél, Üveg",5,https://www.deco24.hu/vasagle-kerek-lerakoasztal-edzett-uveglappal-arany-50x50x55cm
"Szennyestartó 2 rekeszes, mágneses fedéllel 2x71L, szürke",LCB02G,"16,300 (Ft)","13,000 (Ft)",4,SONGMICS,1 év,36x60x66cm,"MDF (Közepes Sűrűségű Rostlemez), Poliészter, TC szövet",4,https://www.deco24.hu/songmics-szennyestarto-2-rekeszes-magneses-fedellel-2x71l-szurke
"Konyhai tálaló kocsi, gurulós tároló polc, rusztikus barna 66x26x85cm",LRC66BX,"31,600 (Ft)","25,300 (Ft)",10,VASAGLE,1 év,66x26x85cm,"Forgácslap, Acél",4,https://www.deco24.hu/vasagle-konyhai-talalo-kocsi-gurulos-tarolo-polc-rusztikus-barna-66x26x85cm
"Gardróbszekrény, fürdőszoba szekrény, fehér 60x32x122cm",BBC64WT,"53,000 (Ft)","42,400 (Ft)",17,VASAGLE,1 év,60x32.5x122cm,MDF (Közepes Sűrűségű Rostlemez),4,https://www.deco24.hu/vasagle-gardrobszekreny-furdoszoba-szekreny-feher-60x32x122cm
"Irodai fiókos irattároló szekrény, gurulós, 3 fiókkal, fekete 55x45x39cm",OFC63BK,"55,900 (Ft)","44,700 (Ft)",16,SONGMICS,1 év,55x45x39cm,"Acél, Polipropilén (PP)",3,https://www.deco24.hu/songmics-irodai-fiokos-irattarolo-szekreny-gurulos-3-fiokkal-fekete-55x45x39cm
Kézzel fonott rattan stílusú szennyeskosár 3 rekesszel 140L,LCB363N01,"28,400 (Ft)","22,700 (Ft)",5,SONGMICS,1 év,66x33x66cm,"Polipropilén (PP), Vas",4,https://www.deco24.hu/songmics-kezzel-fonott-rattan-stilusu-szennyeskosar-3-rekesszel-140l
"Konyhai bárpult, rusztikus barna 120x40x100cm",LBT12X,"35,900 (Ft)","28,700 (Ft)",13,VASAGLE,1 év,120x40x100cm,"Forgácslap, Acél",4,https://www.deco24.hu/vasagle-konyhai-barpult-rusztikus-barna-120x40x100cm
"Tároló szekrény, játéktároló, 3 gurulós, kihúzható tárolódobozzal, fehér 102 x 30 x 60",LHS380W01,"58,600 (Ft)","46,900 (Ft)",24,VASAGLE,1 év,102x30x60cm,MDF,4,https://www.deco24.hu/Tarolo-szekreny-jatektarolo-3-gurulos-kihuzhato-ta
"Előszoba fogas polccal, akasztókkal,",HSR408B01,"39,800 (Ft)","31,800 (Ft)",11,VASAGLE,1 év,80×32.2×182cm,"Forgácslap, Vas",3,https://www.deco24.hu/Eloszoba-fogas-polccal-akasztokkal
"Bársony vállfa, csúszásmentes ruhaakasztó 50 db, fehér",CRF020W02,"12,200 (Ft)","9,890 (Ft)",4,SONGMICS,1 év,42.7x22x0.6cm,Akrilonitril-Butadién-Sztirol műanyag (ABS),3,https://www.deco24.hu/songmics-barsony-vallfa-csuszasmentes-ruhaakaszto-50-db-feher
"Bárszék 2 db magas konyhai étkező szék, műbőr ülőfelülettel, rusztikus barna, fekete",LBC069B81V1,"41,300 (Ft)","33,000 (Ft)",10,VASAGLE,1 év,40.1x44.2x100.5cm,"Forgácslap, Acél",2,https://www.deco24.hu/vasagle-barszek-2-db-magas-konyhai-etkezo-szek-mubor-ulofelulettel-rusztikus-barna-fekete
"Műanyag tároló láda, fehér 76x40x48cm",LHS11WTV1,"27,700 (Ft)","22,200 (Ft)",13,VASAGLE,,76x40x48cm,Forgácslap,3,https://www.deco24.hu/vasagle-muanyag-tarolo-lada-feher-76x40x48cm
"Szelektív szemeteskuka 3x18L, ezüst",LTB54NL,"57,200 (Ft)","45,800 (Ft)",9,SONGMICS,1 év,61.5x56x31.5cm,"Egyéb (rozsdamentes acél), Polipropilén (PP), Akrilonitril-Butadién-Sztirol műanyag (ABS)",3,https://www.deco24.hu/songmics-szelektiv-szemeteskuka-3x18l-ezust
"Ékszerdoboz 3 emeletes, 2 fiókkal, fehér 25x18x14cm",JOW15WNV1,"21,800 (Ft)","17,400 (Ft)",2,SONGMICS,,25x18x14.5cm,"MDF (Közepes Sűrűségű Rostlemez), Bársony szövet, Üveg",3,https://www.deco24.hu/songmics-ekszerdoboz-3-emeletes-2-fiokkal-feher-25x18x14cm
"Fali polc két fiókkal magasfényű bevonattal, fehér 65x15x10cm",LWS65WT,"20,000 (Ft)","16,000 (Ft)",3,SONGMICS,1 év,65x15x10cm,MDF (Közepes Sűrűségű Rostlemez),3,https://www.deco24.hu/songmics-fali-polc-ket-fiokkal-magasfenyu-bevonattal-feher-65x15x10cm
"Fali ékszeres szekrény, zárható, tükrös, fehér 67x9x37 cm",JBC51W,"22,800 (Ft)","18,200 (Ft)",5,SONGMICS,1 év,67.3x9.7x37.2 cm,"MDF (Közepes Sűrűségű Rostlemez), Bársony szövet, Üveg, Vasalatok",3,https://www.deco24.hu/songmics-fali-ekszeres-szekreny-zarhato-tukros-feher-67x9x37-cm
"Kézzel fonott rattan szennyeskosár, összecsukható, kivehető zsákkal 90L, sárga",LCB51NL,"22,100 (Ft)","17,700 (Ft)",3,SONGMICS,1 év,45.5x32x61.0cm,"Polipropilén (PP), Vas",3,https://www.deco24.hu/songmics-kezzel-fonott-rattan-szennyeskosar-osszecsukhato-kiveheto-zsakkal-90l-sarga
"Cipőtároló szekrény 3 ajtóval, rusztikus barna 60x24x120cm",LBC030X01,"39,400 (Ft)","31,500 (Ft)",22,VASAGLE,1 év,60x24x120cm,Forgácslap,4,https://www.deco24.hu/vasagle-cipotarolo-szekreny-3-ajtoval-rusztikus-barna-60x24x120cm
"Konyhai bárasztal, rusztikus barna 100x40x90cm",LBT010B01,"29,600 (Ft)","23,700 (Ft)",9,VASAGLE,1 év,100x40x90cm,"Forgácslap, Acél",3,https://www.deco24.hu/vasagle-konyhai-barasztal-rusztikus-barna-100x40x90cm
"Cipőtartó állvány, 3 szintes 12-15 pár cipőhöz, 30 x 92 x 54 cm, fekete",LSA13BKV1,"7,390 (Ft)","5,990 (Ft)",1,SONGMICS,,92x30x54cm,"Acél, Műanyag",3,https://www.deco24.hu/Cipotarto-allvany-3-szintes-12-15-par-cipohoz-30-x
"Macska kaparófa, cicatorony, pihenőkosárral, szürke 50x40x110cm",PCT52W,"27,200 (Ft)","21,800 (Ft)",11,FEANDREA,1 év,50x40x110cm,"Forgácslap, Papír, Bársony szövet, Lenette szövet",3,https://www.deco24.hu/feandrea-macska-kaparofa-cicatorony-pihenokosarral-szurke-50x40x110cm
"Macska alomszekrény, alomtálca tartó, rusztikus barna 80x53x50cm",PCL002X01,"32,100 (Ft)","25,700 (Ft)",16,FEANDREA,1 év,80x53x50cm,"Forgácslap, Melamin furnér",3,https://www.deco24.hu/feandrea-macska-alomszekreny-alomtalca-tarto-rusztikus-barna-80x53x50cm
"Előszoba fogas polccal, akasztókkal, cipőtartóval és ülőkével, fehér 187x68x35cm",HSR04W,"26,200 (Ft)","21,000 (Ft)",6,SONGMICS,1 év,187x68.8x35.2cm,Acél,3,https://www.deco24.hu/songmics-eloszoba-fogas-polccal-akasztokkal-cipotartoval-es-ulokevel-feher-187x68x35cm
"Fali ruhafogas, fekete 170x30x7cm",HSR104B01,"12,100 (Ft)","9,790 (Ft)",2,SONGMICS,,170x30x7cm,Acél,2,https://www.deco24.hu/songmics-fali-ruhafogas-fekete-170x30x7cm
"Konyhai tálaló kocsi, gurulós tároló polc, fekete tölgy 60x40x84cm",KKS060B42,"31,700 (Ft)","25,400 (Ft)",9,VASAGLE,,60x40x84cm,"Forgácslap, Acél",2,https://www.deco24.hu/vasagle-konyhai-talalo-kocsi-gurulos-tarolo-polc-fekete-tolgy-60x40x84cm
"3 darabos lebegő polc szett, rusztikus barna 30/45/60cm",LWS066T01,"15,700 (Ft)","12,600 (Ft)",4,VASAGLE,1 év,30x15x10cm/ 45x15x10cm/ 60x15x10cm,Forgácslap,3,https://www.deco24.hu/vasagle-3-darabos-lebego-polc-szett-rusztikus-barna-30/45/60cm
"Cipőtároló pad két tároló szinttel, rusztikus barna 66x45x30cm",LMR32BXV1,"22,700 (Ft)","18,200 (Ft)",5,VASAGLE,1 év,66x45x30cm,"Forgácslap, Acél",3,https://www.deco24.hu/vasagle-cipotarolo-pad-ket-tarolo-szinttel-rusztikus-barna-66x45x30cm
"Előszoba fogas polccal, akasztókkal, cipőtartóval és ülőkével, rusztikus barna 80x32x178cm",HSR45BX,"46,400 (Ft)","37,100 (Ft)",13,VASAGLE,1 év,80x32x178.5cm,"Forgácslap, Acél",3,https://www.deco24.hu/vasagle-eloszoba-fogas-polccal-akasztokkal-cipotartoval-es-ulokevel-rusztikus-barna-80x32x178cm
"Polcos állvány, 120kg polconkénti teherbírással, ezüst 200x100x50cm",GLR050E01,"27,200 (Ft)","21,800 (Ft)",15,SONGMICS,1 év,200x100x50cm,"Acélváz, MDF lemez",3,https://www.deco24.hu/songmics-polcos-allvany-120kg-polconkenti-teherbirassal-ezust-200x100x50cm
"Komód elhúzható ajtókkal és nyitott polcokkal, rusztikus barna 100x33x80cm",LSC092B01,"66,700 (Ft)","53,400 (Ft)",26,VASAGLE,1 év,100x33x80cm,"Forgácslap, Acél",2,https://www.deco24.hu/vasagle-komod-elhuzhato-ajtokkal-es-nyitott-polcokkal-rusztikus-barna-100x33x80cm
"Szabadon álló szekrény 4 fiókkal 1 ajtóval, szürke 55x30x81cm",LHC41GY,"39,700 (Ft)","31,800 (Ft)",13,VASAGLE,,55x30x81cm,MDF (Közepes Sűrűségű Rostlemez),2,https://www.deco24.hu/vasagle-szabadon-allo-szekreny-4-fiokkal-1-ajtoval-szurke-55x30x81cm
"Macska alomszekrény, alomtálca tartó, rusztikus barna, fekete 80x53x50cm",PCL002X02,"32,300 (Ft)","25,800 (Ft)",16,FEANDREA,1 év,80x53x50cm,"Forgácslap, MDF (Közepes Sűrűségű Rostlemez)",2,https://www.deco24.hu/feandrea-macska-alomszekreny-alomtalca-tarto-rusztikus-barna-fekete-80x53x50cm
"Konyhai bárasztal, rusztikus barna 60x60x90cm",LBT25X,"25,100 (Ft)","20,100 (Ft)",9,VASAGLE,1 év,60x60x90cm,"Forgácslap, Acél",2,https://www.deco24.hu/vasagle-konyhai-barasztal-rusztikus-barna-60x60x90cm
"2 db cipőtartó polc szett, 2x5 szint, egymásra szerelhető",LSA055B02,"12,800 (Ft)","10,200 (Ft)",3,SONGMICS,,45x30x174cm,,1,https://www.deco24.hu/2-db-cipotarto-polc-szett-2x5-szint-egymasra-szere
"Fali ruhafogas 8 levehető akasztóval és polccal, fekete, rusztikus barna",LCR103B01,"10,700 (Ft)","8,690 (Ft)",2,VASAGLE,,40x24x24cm,"Forgácslap, Acél",2,https://www.deco24.hu/Fali-ruhafogas-8-leveheto-akasztoval-es-polccal-fe
"Ékszerállvány, fehér 20x18x36cm",JJS03NW,"9,790 (Ft)","7,890 (Ft)",1,SONGMICS,,20.5x18x36cm,Acél,5,https://www.deco24.hu/songmics-ekszerallvany-feher-20x18x36cm
"Könyvespolc, állópolc, fehér 50x25x141cm",LBC11WTV1,"23,900 (Ft)","19,100 (Ft)",13,VASAGLE,1 év,50x25x141.5cm,Forgácslap,2,https://www.deco24.hu/vasagle-konyvespolc-allopolc-feher-50x25x141cm
"2 darabos dohányzóasztal szett, fekete 50x50x40cm",LET040B22,"30,800 (Ft)","24,600 (Ft)",7,VASAGLE,1 év,50x50x40cm,,1,https://www.deco24.hu/2-darabos-dohanyzoasztal-szett-fekete-50x50x40cm
"Cipőtároló pad, párnázott ülőfelülettel, fehér 80x44x30cm",LHS30W,"29,500 (Ft)","23,600 (Ft)",15,VASAGLE,1 év,80x44x30cm,"Forgácslap, Polimer hab, Egyéb textil",2,https://www.deco24.hu/vasagle-cipotarolo-pad-parnazott-ulofelulettel-feher-80x44x30cm
"Szövet cipőtároló szekrény, fekete 88x28x160cm",RXJ36H01,"15,300 (Ft)","12,200 (Ft)",3,SONGMICS,1 év,88x28x160cm,"Acél, Nem szőtt szövet, Műanyag",7,https://www.deco24.hu/songmics-szovet-cipotarolo-szekreny-fekete-88x28x160cm
"Ruhaáállvány, kabátoknak, ruháknak, cipőknek, fehér 92x41x173cm",HSR07WV1,"19,200 (Ft)","15,400 (Ft)",5,SONGMICS,1 év,92x41x173cm,Acél,1,https://www.deco24.hu/songmics-ruhaaallvany-kabatoknak-ruhaknak-cipoknek-feher-92x41x173cm
"Laptop asztal, rusztikus barna 71x35cm",LLD110B01,"14,700 (Ft)","11,800 (Ft)",3,SONGMICS,1 év,71x35x23cm,"Bambusz, MDF",1,https://www.deco24.hu/songmics-laptop-asztal-rusztikus-barna-71x35cm
"Kerek lerakóasztal szövet kosárral, szürke 45×45×51cm",LET223G49,"18,400 (Ft)","14,700 (Ft)",4,VASAGLE,1 év,45×45×51cm,"Forgácslap, Acél, Poliészter",2,https://www.deco24.hu/vasagle-kerek-lerakoasztal-szovet-kosarral-szurke-45x45x51cm
"Konyhai állópolc tárolópolcokkal, 10 akasztóval fém hálós polccal, rusztikus barna",KKS17BX,"38,800 (Ft)","31,000 (Ft)",17,VASAGLE,1 év,80x40x170cm,"Forgácslap, Acél",1,https://www.deco24.hu/vasagle-konyhai-allopolc-tarolopolcokkal-10-akasztoval-fem-halos-polccal-rusztikus-barna-80x40x170cm
"Cipőtároló pad két tároló szinttel, rusztikus barna 80x30x44cm",LBS74X,"24,800 (Ft)","19,800 (Ft)",6,VASAGLE,1 év,80x30x44.5cm,"Forgácslap, Acél",2,https://www.deco24.hu/vasagle-cipotarolo-pad-ket-tarolo-szinttel-rusztikus-barna-80x30x44cm
"Könyvespolc, tárolópolc lépcsős, fehér 97x97x29cm",LBC63WT,"26,400 (Ft)","21,100 (Ft)",17,VASAGLE,1 év,97.5x97.5x29cm,Forgácslap,2,https://www.deco24.hu/vasagle-konyvespolc-tarolopolc-lepcsos-feher-97x97x29cm
"Sarok íróasztal polcokkal, rusztikus barna 138x138x76cm",LWD72X,"55,400 (Ft)","44,300 (Ft)",24,VASAGLE,1 év,138x138x76cm,"Forgácslap, Acél",9,https://www.deco24.hu/vasagle-sarok-iroasztal-polcokkal-rusztikus-barna-138x138x76cm
"Cipőtároló pad két tároló szinttel, rusztikus barna 100x30x45cm",LBS078B01,"28,200 (Ft)","22,600 (Ft)",10,VASAGLE,1 év,100x30x45cm,"Forgácslap, Acél",1,https://www.deco24.hu/vasagle-cipotarolo-pad-ket-tarolo-szinttel-rusztikus-barna-100x30x45cm
"Gurulós ruhaállvány, szürke 101-165x113-198x48cm",LLR401,"15,200 (Ft)","12,200 (Ft)",4,SONGMICS,1 év,101-165x113-198x48.5cm,,4,https://www.deco24.hu/songmics-gurulos-ruhaallvany-szurke-101-165x113-198x48cm
"Irodai forgószék szövet huzattal dönthető, fekete",OBN034B01,"42,700 (Ft)","34,200 (Ft)",11,SONGMICS,1 év,63x63x(110-120)cm,"Acél, Poliészter, Polimer hab, Műanyag",5,https://www.deco24.hu/songmics-irodai-forgoszek-szovet-huzattal-dontheto-fekete
"Szövet cipőtároló szekrény, szürke 58x28x160cm",RXJ10G01,"13,100 (Ft)","10,500 (Ft)",2,SONGMICS,1 év,58x28x160cm,"Acél, Nem szőtt szövet, Műanyag",5,https://www.deco24.hu/songmics-szovet-cipotarolo-szekreny-szurke-58x28x160cm
"Vállfa készlet gyerekruhákhoz 20db, fehér",CRW06W-20, (Ft), (Ft),2,SONGMICS,1 év,35x20x1.2 cm,Masszív fa,5,https://www.deco24.hu/songmics-vallfa-keszlet-gyerekruhakhoz-20db-feher
"Kerek dohányzóasztal, fehér 80x80x45cm",LCT071B13,"37,500 (Ft)","28,100 (Ft)",14,VASAGLE,,80x80x45cm,"Márvány, Edzett üveg, Acél",10,https://www.deco24.hu/vasagle-kerek-dohanyzoasztal-feher-80x80x45cm
"Bárszék 2 db magas szögletes konyhai étkező szék, rusztikus barna",LBC65X,"33,700 (Ft)","27,000 (Ft)",9,VASAGLE,1 év,40x30x65cm,"Forgácslap, Acél",3,https://www.deco24.hu/vasagle-barszek-2-db-magas-szogletes-konyhai-etkezo-szek-rusztikus-barna
"Cipőtároló polc 4 szintes, rusztikus barna 100x30x72cm",LBS14BX,"28,400 (Ft)","22,700 (Ft)",9,VASAGLE,1 év,100x30x72cm,"Forgácslap, Acél",5,https://www.deco24.hu/vasagle-cipotarolo-polc-4-szintes-rusztikus-barna-100x30x72cm
"Esernyőtartó négyzet alakú mintás, akasztókkal, fekete 15x15x49cm",LUC48B,"15,100 (Ft)","10,600 (Ft)",1,SONGMICS,1 év,15.5x15.5x49cm,"Acél, Polipropilén (PP)",34,https://www.deco24.hu/songmics-esernyotarto-negyzet-alaku-mintas-akasztokkal-fekete-15x15x49cm
"Tároló polc gyerekszobába, gyerek könyvespolc 62x29x70cm",GKR41WT,"30,700 (Ft)","23,000 (Ft)",14,SONGMICS,1 év,62.5x29.5x70.0cm,"Forgácslap, MDF",23,https://www.deco24.hu/songmics-tarolo-polc-gyerekszobaba-gyerek-konyvespolc-62x29x70cm
"Konyhai tálaló kocsi, gurulós tároló polc, fehér 40x22x86cm",KSC10WT,"12,900 (Ft)","9,790 (Ft)",2,SONGMICS,1 év,40x22x86cm,"Polipropilén (PP), Rozsdamentes acél",10,https://www.deco24.hu/songmics-konyhai-talalo-kocsi-gurulos-tarolo-polc-feher-40x22x86cm
"Gurulós ruhaállvány, ezüst 110-150x45x160cm",HSR11SV1,"22,800 (Ft)","18,200 (Ft)",7,SONGMICS,1 év,110-150x45x160cm,Acél,4,https://www.deco24.hu/songmics-gurulos-ruhaallvany-ezust-110-150x45x160cm
"Bambusz polc fürdőszobába, konyhába, 5 szintes 33x33x96cm",BCB55Y,"22,200 (Ft)","17,800 (Ft)",5,SONGMICS,1 év,33x33x96cm,Bambusz,5,https://www.deco24.hu/songmics-bambusz-polc-furdoszobaba-konyhaba-5-szintes-33x33x96cm
"Lerakóasztal két fém hálós polccal, rusztikus barna 40x40x55cm",LET23XV1,"14,900 (Ft)","11,900 (Ft)",4,VASAGLE,1 év,40x40x55cm,"Forgácslap, Acél",3,https://www.deco24.hu/vasagle-lerakoasztal-ket-fem-halos-polccal-rusztikus-barna-40x40x55cm
"Lebegő fali polc, rusztikus barna 40x20x3cm",LWS24BX,"9,290 (Ft)","7,090 (Ft)",2,VASAGLE,,40x20x3.8cm,"MDF (Közepes Sűrűségű Rostlemez), Acél",10,https://www.deco24.hu/vasagle-lebego-fali-polc-rusztikus-barna-40x20x3cm
"Kerek lerakóasztal szövet kosárral, rózsaszín 45×45×51cm",LET223R61,"18,500 (Ft)","14,800 (Ft)",4,VASAGLE,1 év,45×45×51cm,"Forgácslap, Acél, Poliészter",2,https://www.deco24.hu/vasagle-kerek-lerakoasztal-szovet-kosarral-rozsaszin-45x45x51cm
"Előszoba fogas polccal, akasztókkal, cipőtartóval és ülőkével, rusztikus barna 70x32x175cm",HSR41BX,"30,100 (Ft)","24,100 (Ft)",8,VASAGLE,1 év,70x32.5x175cm,"Forgácslap, Acél",3,https://www.deco24.hu/vasagle-eloszoba-fogas-polccal-akasztokkal-cipotartoval-es-ulokevel-rusztikus-barna-70x32x175cm
"Gurulós ruhaállvány, fekete 92-132x45x160cm",HSR13BKV1,"19,200 (Ft)","15,400 (Ft)",5,SONGMICS,1 év,92—132x45.5x160cm,Acél,4,https://www.deco24.hu/songmics-gurulos-ruhaallvany-fekete-92-132x45x160cm
"Esernyőtartó téglalap alakú mintás, akasztókkal, fekete 28x12x41cm",LUC004B01,"13,900 (Ft)","11,100 (Ft)",2,SONGMICS,1 év,28.5x12.2x41cm,,2,https://www.deco24.hu/Esernyotarto-negyzet-alaku-mintas-akasztokkal-feke
"Szövet ruhatároló szekrény hordozható gardrób, fekete 88x45x168cm",RYG84H,"16,900 (Ft)","13,500 (Ft)",3,SONGMICS,1 év,88x45x168cm,"Acél, Nem szőtt szövet, Műanyag",4,https://www.deco24.hu/songmics-szovet-ruhatarolo-szekreny-hordozhato-gardrob-fekete-88x45x168cm
"Szelektív szemeteskuka 2x30L, ezüst",LTB60NL,"61,800 (Ft)","49,400 (Ft)",10,SONGMICS,1 év,58.6x32x65cm,"Egyéb (rozsdamentes acél), Polipropilén (PP), Akrilonitril-Butadién-Sztirol műanyag (ABS)",4,https://www.deco24.hu/songmics-szelektiv-szemeteskuka-2x30l-ezust
Bambusz laptop asztal állítható magasság 55x35cm,LLD01N,"16,600 (Ft)","13,300 (Ft)",3,SONGMICS,1 év,55x35x(21-29)cm,Bambusz,5,https://www.deco24.hu/songmics-bambusz-laptop-asztal-allithato-magassag-55x35cm
"Konyhai állópolc 6 polcszinttel, 6 akasztóval, rusztikus barna 80x40x167cm",KKS019B01,"45,300 (Ft)","34,000 (Ft)",20,VASAGLE,1 év,80x40x167cm,"Forgácslap, Acél",17,https://www.deco24.hu/vasagle-konyhai-allopolc-6-polcszinttel-6-akasztoval-rusztikus-barna-80x40x167cm
"Tároló polc gyerekszobába, gyerek könyvespolc 93x30x100cm",GKR42WT,"39,000 (Ft)","29,300 (Ft)",18,SONGMICS,1 év,93.0x30.0x100.0cm,"Forgácslap, Nem szőtt szövet",15,https://www.deco24.hu/songmics-tarolo-polc-gyerekszobaba-gyerek-konyvespolc-93x30x100cm
"Ruhaállvány gurulós 90kg teherbírású, ezüst",HSR13S,"19,000 (Ft)","13,300 (Ft)",5,SONGMICS,1 év,92—132x45.5x160cm,Acél,29,https://www.deco24.hu/Ruhaallvany-gurulos-90kg-teherbirasu-ezust
"Szövet cipőtároló szekrény, fekete 58x28x160cm",RXJ10H01,"12,800 (Ft)","10,200 (Ft)",2,SONGMICS,1 év,58x28x160cm,"Acél, Nem szőtt szövet, Műanyag",1,https://www.deco24.hu/songmics-szovet-cipotarolo-szekreny-fekete-58x28x160cm
"Előszoba fogas polccal, akasztókkal, cipőtartóval és ülőkével, rusztikus dió 70x32x175cm",HSR041B41,"28,900 (Ft)","23,100 (Ft)",8,VASAGLE,1 év,70x32.5x175cm,"Forgácslap, Vas",2,https://www.deco24.hu/vasagle-eloszoba-fogas-polccal-akasztokkal-cipotartoval-es-ulokevel-rusztikus-dio-70x32x175cm
"Sarokpolc 5 szintes lebegő fali polc, greige 20x20x127cm",LBC072M01,"10,100 (Ft)","8,190 (Ft)",4,VASAGLE,1 év,20x20x127.5cm,Forgácslap,3,https://www.deco24.hu/vasagle-sarokpolc-5-szintes-lebego-fali-polc-greige-20x20x127cm
"Konzolasztal fém vázzal edzett üveglappal, arany 100x35x80cm",LGT26G,"24,100 (Ft)","19,300 (Ft)",7,VASAGLE,1 év,100x35x80cm,"Acél, Üveg",2,https://www.deco24.hu/vasagle-konzolasztal-fem-vazzal-edzett-uveglappal-arany-100x35x80cm
"Magas tároló szekrény, fürdőszoba szekrény, fehér 30x30x141cm",BBC66WT,"34,900 (Ft)","27,900 (Ft)",13,VASAGLE,1 év,30x30x141.5cm,MDF (Közepes Sűrűségű Rostlemez),1,https://www.deco24.hu/vasagle-magas-tarolo-szekreny-furdoszoba-szekreny-feher-30x30x141cm
"Könyvespolc szövet polcokkal 6 kocka, fekete 110x30x110cm",LSN63H,"11,200 (Ft)","8,490 (Ft)",2,SONGMICS,1 év,110x30x110cm,"Nem szőtt szövet, Vas, Műanyag",10,https://www.deco24.hu/songmics-konyvespolc-szovet-polcokkal-6-kocka-fekete-110x30x110cm
"Összecsukható műbőr tárolópuff, fekete 76x38x38cm",LSF105,"15,700 (Ft)","12,600 (Ft)",6,SONGMICS,1 év,76x38x38cm,"MDF, Polimer hab, PVC (Bőr)",1,https://www.deco24.hu/songmics-osszecsukhato-mubor-tarolopuff-fekete-76x38x38cm
"Bambusz laptop asztal szellőző lyukakkal, állítható magasság 55x35cm",LLD002,"14,900 (Ft)","11,900 (Ft)",3,SONGMICS,1 év,55x35x(21-29)cm,Bambusz,5,https://www.deco24.hu/songmics-bambusz-laptop-asztal-szellozo-lyukakkal-allithato-magassag-55x35cm
"Szabadon álló 2 ajtós, fiókos szekrény, fehér 60x30x80cm",BBC61WT,"43,600 (Ft)","32,700 (Ft)",14,VASAGLE,1 év,60x30x80cm,MDF (Közepes Sűrűségű Rostlemez),20,https://www.deco24.hu/vasagle-szabadon-allo-2-ajtos-fiokos-szekreny-feher-60x30x80cm
"Szabadon álló 2 ajtós szekrény, fehér 60x30x80cm",BCB60W,"35,500 (Ft)","26,600 (Ft)",13,VASAGLE,1 év,60x30x80cm,MDF (Közepes Sűrűségű Rostlemez),17,https://www.deco24.hu/vasagle-szabadon-allo-2-ajtos-szekreny-feher-60x30x80cm
"Polcos állvány, 175kg polconkénti teherbírással, ezüst, barna 180x90x40cm",GLR040E02,"31,200 (Ft)","23,400 (Ft)",25,SONGMICS,1 év,180x90x40cm,"MDF (Közepes Sűrűségű Rostlemez), Acél",24,https://www.deco24.hu/songmics-polcos-allvany-175kg-polconkenti-teherbirassal-ezust-barna-180x90x40cm
"Konzolasztal fém hálós polccal, rusztikus barna 60x30x60cm",LET31BX,"20,600 (Ft)","16,500 (Ft)",5,VASAGLE,1 év,60x30x60cm,"Forgácslap, Acél",1,https://www.deco24.hu/vasagle-konzolasztal-fem-halos-polccal-rusztikus-barna-60x30x60cm
Bambusz kosár szennyestartó 2 rekeszes 2x36L,LCB64Y,"15,100 (Ft)","12,100 (Ft)",3,SONGMICS,1 év,52x32x61cm,"Bambusz, Vas, MDF (Közepes Sűrűségű Rostlemez), TC szövet",9,https://www.deco24.hu/songmics-bambusz-kosar-szennyestarto-2-rekeszes-2x36l
"Fürdőszoba sarokpolc állítható, fehér 95x300cm",BCB02SW,"13,700 (Ft)","11,000 (Ft)",2,SONGMICS,1 év,95x300cm,"Polipropilén (PP), Akrilonitril-Butadién-Sztirol műanyag, Rozsdamentes acél",4,https://www.deco24.hu/songmics-furdoszoba-sarokpolc-allithato-feher-95x300cm
"Szövet ruhatároló szekrény hordozható gardrób, ruhaakasztóval, szürke 150x45x175cm",LSF03G,"23,700 (Ft)","19,000 (Ft)",5,SONGMICS,1 év,150x45x175cm,"Acél, Nem szőtt szövet, Műanyag",9,https://www.deco24.hu/songmics-szovet-ruhatarolo-szekreny-hordozhato-gardrob-ruhaakasztoval-szurke-150x45x175cm
"Álló ruhafogas fa 8 akasztóval, négyszögletes talppal, fehér",RCR010W02,"15,200 (Ft)","12,200 (Ft)",4,VASAGLE,1 év,30x30x175cm,"MDF, Gumi fa",1,https://www.deco24.hu/vasagle-allo-ruhafogas-fa-8-akasztoval-negyszogletes-talppal-feher
"Álló ruhafogas fa 8 akasztóval, fekete",RCR004B01,"12,800 (Ft)","10,200 (Ft)",2,VASAGLE,,47x47x175cm,Gumi fa,4,https://www.deco24.hu/vasagle-allo-ruhafogas-fa-8-akasztoval-fekete
"Hintaszék, nyírfából készült pihenő fotel, világosszürke",LYY42G,"59,300 (Ft)","47,400 (Ft)",10,SONGMICS,1 év,67x125x91cm,"Nyírfa, Acél, Polimer hab",3,https://www.deco24.hu/songmics-hintaszek-nyirfabol-keszult-piheno-fotel-vilagosszurke
"Könyvespolc, álló polc, rusztikus barna 66x30x186cm",LLS062B01V1,"32,200 (Ft)","25,800 (Ft)",17,VASAGLE,1 év,66x30x186cm,"Forgácslap, Acél",3,https://www.deco24.hu/vasagle-konyvespolc-allo-polc-rusztikus-barna-66x30x186cm
"Szövet fiókrendszerező fehérneműknek 8 darabos készlet, szürke",RUS08GY,"12,100 (Ft)","8,590 (Ft)",1,SONGMICS,1 év,32x32x10cm/32x16x10cm,Egyéb,33,https://www.deco24.hu/songmics-szovet-fiokrendszerezo-fehernemuknek-8-darabos-keszlet-szurke
"Bársony vállfa, csúszásmentes ruhaakasztó 50 db, fehér, rozé arany",CRF021W02,"13,100 (Ft)","9,890 (Ft)",4,SONGMICS,1 év,42.7x22x0.6cm,Akrilonitril-Butadién-Sztirol műanyag (ABS),11,https://www.deco24.hu/songmics-barsony-vallfa-csuszasmentes-ruhaakaszto-50-db-feher-roze-arany
"Polcos állvány, 120kg polconkénti teherbírással, fekete 200x100x50cm",GLR050B01,"27,200 (Ft)","20,400 (Ft)",16,SONGMICS,1 év,200x100x50cm,"Acélváz, MDF lemez",10,https://www.deco24.hu/songmics-polcos-allvany-120kg-polconkenti-teherbirassal-fekete-200x100x50cm
"Bambusz kosár szennyestartó 72L, fekete",LCB10B,"11,800 (Ft)","9,490 (Ft)",2,SONGMICS,1 év,40x30x60cm,"MDF (Közepes Sűrűségű Rostlemez), Bambusz, Acél, TC szövet",6,https://www.deco24.hu/songmics-bambusz-kosar-szennyestarto-72l-fekete
"Álló ékszeres szekrény, tükörrel, polcokkal, zárható, fehér 120x10x36cm",JBC93W,"38,500 (Ft)","30,800 (Ft)",9,SONGMICS,1 év,120x10x36.7cm,"MDF (Közepes Sűrűségű Rostlemez), Bársony szövet, Üveg, Vasalatok",1,https://www.deco24.hu/songmics-allo-ekszeres-szekreny-tukorrel-polcokkal-zarhato-feher-120x10x36cm
"Szemeteskuka 30L, fehér",LTB01W,"34,700 (Ft)","27,800 (Ft)",4,SONGMICS,1 év,34x25x61.5cm,"Polipropilén (PP), Akrilonitril-Butadién-Sztirol műanyag (ABS), Acél",3,https://www.deco24.hu/songmics-szemeteskuka-30l-feher
"Kerek étkezőasztal, rusztikus barna 80x80x75cm",KDT080B01,"42,500 (Ft)","34,000 (Ft)",10,VASAGLE,1 év,80x80x75cm,"Forgácslap, Acél",8,https://www.deco24.hu/vasagle-kerek-etkezoasztal-rusztikus-barna-80x80x75cm
"Hintaszék, nyírfából készült pihenő fotel, sötétszürke, natúr",LYY10G,"43,900 (Ft)","35,100 (Ft)",10,SONGMICS,1 év,67x125x91cm,"Polimer hab, Nyírfa, TC szövet",5,https://www.deco24.hu/songmics-hintaszek-nyirfabol-keszult-piheno-fotel-sotetszurke-natur
"Álló ruhafogas polcokkal akasztókkal, rusztikus barna",LCR80X,"35,300 (Ft)","28,200 (Ft)",11,VASAGLE,1 év,43x43x180cm,"Forgácslap, Acél",5,https://www.deco24.hu/vasagle-allo-ruhafogas-polcokkal-akasztokkal-rusztikus-barna
"Szennyestartó, kihúzható és levehető ruhatartó zsákkal 2x46L, fehér-szürke",BLH201W11,"21,600 (Ft)","17,300 (Ft)",6,VASAGLE,1 év,73x33x71cm,,7,https://www.deco24.hu/Szennyestarto-kihuzhato-es-leveheto-ruhatarto-zsak
"Szabadon álló 2 ajtós 1 fiókos szekrény, fehér 60x30x80cm",BBK140W01,"43,800 (Ft)","35,000 (Ft)",18,VASAGLE,,60x30x80cm,Forgácslap,7,https://www.deco24.hu/vasagle-szabadon-allo-2-ajtos-1-fiokos-szekreny-feher-60x30x80cm
"Konyhai állópolc tárolópolcokkal, akasztókkal, drótkosárral, rusztikus barna 90x40x132cm",KKS35X,"46,300 (Ft)","37,000 (Ft)",16,VASAGLE,1 év,90x40x132cm,"Forgácslap, Acél",9,https://www.deco24.hu/vasagle-konyhai-allopolc-tarolopolcokkal-akasztokkal-drotkosarral-rusztikus-barna-90x40x132cm
"Könyvespolc, térelválasztó polc, fehér 129x129x29cm",LBC10WTV1,"41,900 (Ft)","31,400 (Ft)",28,VASAGLE,1 év,129.5x129.5x29cm,Forgácslap,9,https://www.deco24.hu/vasagle-konyvespolc-terelvalaszto-polc-feher-129x129x29cm
"Lebegő fali polc, rusztikus barna 80x20x3cm",LWS28BX,"12,300 (Ft)","9,890 (Ft)",2,VASAGLE,1 év,80x20x3.8cm,"MDF (Közepes Sűrűségű Rostlemez), Acél",5,https://www.deco24.hu/vasagle-lebego-fali-polc-rusztikus-barna-80x20x3cm
"Ékszertartó doboz üvegablakkal 4 szintes, 3 fiókkal, fehér és arany",JBC161W01,"18,200 (Ft)","14,600 (Ft)",2,SONGMICS,1 év,25x16x21cm,,4,https://www.deco24.hu/Ekszertarto-doboz-uvegablakkal-4-szintes-3-fiokkal
"Konyhai polc, konyhasziget polcokkal, rusztikus barna 120x60x90cm",KKI01BX,"44,900 (Ft)","33,700 (Ft)",25,VASAGLE,1 év,120x60x90cm,"Forgácslap, Acél",10,https://www.deco24.hu/vasagle-konyhai-polc-konyhasziget-polcokkal-rusztikus-barna-120x60x90cm
"Könyvespolc, tárolópolc, fehér 190x70x24cm",LBC61WT,"33,700 (Ft)","27,000 (Ft)",22,VASAGLE,1 év,190.5x70x24cm,Forgácslap,7,https://www.deco24.hu/vasagle-konyvespolc-tarolopolc-feher-190x70x24cm
"Előszoba fogas polccal, akasztókkal, cipőtartóval és ülőkével, greige 183x72x33cm",HSR40MB,"26,100 (Ft)","20,900 (Ft)",10,VASAGLE,1 év,183x72x33.7cm,"Forgácslap, Acél",3,https://www.deco24.hu/vasagle-eloszoba-fogas-polccal-akasztokkal-cipotartoval-es-ulokevel-greige-183x72x33cm
"Konyhai rendszerező polc, 2 db-os egymásra rakható, fehér",KCS01WT,"6,790 (Ft)","5,490 (Ft)",1,SONGMICS,,32x23x15cm,,2,https://www.deco24.hu/Konyhai-rendszerezo-polc-2-db-os-egymasra-rakhato
"Szabadon álló ajtós, 3 fiókos szekrény, fehér 60x30x81cm",BBC49WT,"43,000 (Ft)","32,300 (Ft)",14,VASAGLE,1 év,60x30x81cm,MDF (Közepes Sűrűségű Rostlemez),15,https://www.deco24.hu/vasagle-szabadon-allo-ajtos-3-fiokos-szekreny-feher-60x30x81cm
"Lerakóasztal fém vázzal, rusztikus barna 55x35x66cm",LNT52BX,"15,700 (Ft)","11,000 (Ft)",5,VASAGLE,1 év,55x35x66cm,"Forgácslap, Acél",51,https://www.deco24.hu/vasagle-lerakoasztal-fem-vazzal-rusztikus-barna-55x35x66cm
"Könyvespolc, térelválasztó polc, rusztikus barna 129x129x29cm",LBC10BX,"40,200 (Ft)","30,200 (Ft)",28,VASAGLE,1 év,129.5x129.5x29cm,Forgácslap,9,https://www.deco24.hu/vasagle-konyvespolc-terelvalaszto-polc-rusztikus-barna-129x129x29cm
"Zárható postaláda újságtartóval, falra, kerítésre szerelhető, antricit szürke",GMB052G01,"17,700 (Ft)","12,400 (Ft)",4,SONGMICS,1 év,37x10.5x37cm,"Acél, ABS",31,https://www.deco24.hu/songmics-zarhato-postalada-ujsagtartoval-falra-keritesre-szerelheto-antricit-szurke
"Szabadon álló ajtós szekrény, fehér 60x30x80cm",BBC40WT,"36,300 (Ft)","27,200 (Ft)",13,VASAGLE,1 év,60x30x80cm,MDF (Közepes Sűrűségű Rostlemez),17,https://www.deco24.hu/vasagle-szabadon-allo-ajtos-szekreny-feher-60x30x80cm
"Ékszertartó doboz 2 fiókkal és tükörrel, fehér 17x13x12cm",JBC154W01,"12,700 (Ft)","9,590 (Ft)",1,SONGMICS,1 év,17.5x13.5x12cm,"MDF (Közepes Sűrűségű Rostlemez), PU-bevonatú szövet, Bársony szövet, Üveg",13,https://www.deco24.hu/songmics-ekszertarto-doboz-2-fiokkal-es-tukorrel-feher-17x13x12cm
"Szennyestartó, kihúzható és levehető ruhatartó zsákkal 2x46L, szürke",BLH201G01,"25,800 (Ft)","20,600 (Ft)",7,VASAGLE,1 év,73x33x72cm,"Forgácslap, Acél, Nem szőtt szövet",5,https://www.deco24.hu/vasagle-szennyestarto-kihuzhato-es-leveheto-ruhatarto-zsakkal-2x46l-szurke
"Előszoba fogas polccal, akasztókkal, cipőtartóval és ülőkével, tölgy 183x72x33cm",HSR40W,"26,100 (Ft)","20,900 (Ft)",10,VASAGLE,1 év,183x72x33.7cm,"Forgácslap, Acél",5,https://www.deco24.hu/vasagle-eloszoba-fogas-polccal-akasztokkal-cipotartoval-es-ulokevel-tolgy-183x72x33cm
"Műanyag konyhai fiókos rendszerező 4 fiókkal, fehér, barna 45x17x84cm",KFR08WT,"32,800 (Ft)","23,000 (Ft)",5,SONGMICS,1 év,45x17x84cm,"Polipropilén (PP), Műanyag",50,https://www.deco24.hu/songmics-muanyag-konyhai-fiokos-rendszerezo-4-fiokkal-feher-barna-45x17x84cm
"Bambusz kosár szennyestartó 2 rekeszes 2x36L, fehér",LCB64WT,"14,700 (Ft)","11,000 (Ft)",3,SONGMICS,1 év,51.5x31.5x61.5cm,"Bambusz, Vas, Lapos furnérlemez, TC szövet",10,https://www.deco24.hu/songmics-bambusz-kosar-szennyestarto-2-rekeszes-2x36l-feher
"Cipőtartó polc 3 szintes fém vázzal, fekete 92x30x55cm",LSA303B02,"8,390 (Ft)","6,390 (Ft)",1,SONGMICS,,92x30.5x55cm,"Acél, Műanyag",13,https://www.deco24.hu/songmics-cipotarto-polc-3-szintes-fem-vazzal-fekete-92x30x55cm
"Szabadon álló fiókos szekrény, fehér 30x30x89cm",BBC42WT,"30,900 (Ft)","23,200 (Ft)",10,VASAGLE,1 év,30x30x89cm,MDF (Közepes Sűrűségű Rostlemez),15,https://www.deco24.hu/vasagle-szabadon-allo-fiokos-szekreny-feher-30x30x89cm
"Polcos állvány, 175kg polconkénti teherbírással, fekete, barna 180x90x40cm",GLR040B01,"21,100 (Ft)","14,800 (Ft)",13,SONGMICS,1 év,180x90x40cm,"MDF (Közepes Sűrűségű Rostlemez), Acél",36,https://www.deco24.hu/songmics-polcos-allvany-175kg-polconkenti-teherbirassal-fekete-barna-180x90x40cm
"Konyhai állópolc konyhasziget tárolópolcokkal, akasztókkal, drótkosárral, rusztikus barna",KKS96X,"44,900 (Ft)","33,800 (Ft)",12,VASAGLE,1 év,80x35x95cm,"Forgácslap, Acél",16,https://www.deco24.hu/vasagle-konyhai-allopolc-konyhasziget-tarolopolcokkal-akasztokkal-drotkosarral-rusztikus-barna-80x35
"3 darabos fali polc szett, rusztikus barna 30/35/40cm",LWS33BX,"11,500 (Ft)","8,690 (Ft)",2,VASAGLE,1 év,30/35/40x12x10cm,"Forgácslap, Acél",8,https://www.deco24.hu/vasagle-3-darabos-fali-polc-szett-rusztikus-barna-30/35/40cm
"3 darabos lebegő polc szett magasfényű bevonattal, fehér 30/35/40cm",LWS40WT,"12,000 (Ft)","9,690 (Ft)",2,SONGMICS,1 év,40x10x9/35x10x8/30x10x7cm,MDF (Közepes Sűrűségű Rostlemez),7,https://www.deco24.hu/songmics-3-darabos-lebego-polc-szett-magasfenyu-bevonattal-feher-30/35/40cm
"2 darabos dohányzóasztal szett, fehér 50x50x40cm",LET040B59,"26,600 (Ft)","20,000 (Ft)",7,VASAGLE,1 év,50x50x40cm,,17,https://www.deco24.hu/2-darabos-dohanyzoasztal-szett-feher-50x50x40cm
"Könyvespolc, tárolópolc, fehér 129x30x30cm",LBC42WT,"22,600 (Ft)","17,000 (Ft)",12,VASAGLE,1 év,129.5x30x30cm,Forgácslap,17,https://www.deco24.hu/vasagle-konyvespolc-tarolopolc-feher-129x30x30cm
"Macska kaparófa, többszintes macskatorony, fehér 55x45x143cm",PCT161W01,"28,100 (Ft)","19,700 (Ft)",13,FEANDREA,1 év,55x45x143cm,"Forgácslap, Bársony szövet, Papír",50,https://www.deco24.hu/feandrea-macska-kaparofa-tobbszintes-macskatorony-feher-55x45x143cm
"Fa óratároló doboz 8 rekesszel, üvegfedéllel, barna 27x20x13cm",JOW008K01,"12,600 (Ft)","9,590 (Ft)",1,SONGMICS,1 év,27x20x13cm,"Paulownia, Bársony, Üveg",8,https://www.deco24.hu/songmics-fa-oratarolo-doboz-8-rekesszel-uvegfedellel-barna-27x20x13cm
"Könyvespolc, tárolópolc, rusztikus barna 190x70x24cm",LBC61BX,"32,900 (Ft)","24,600 (Ft)",22,VASAGLE,1 év,190.5x70x24cm,Forgácslap,8,https://www.deco24.hu/vasagle-konyvespolc-tarolopolc-rusztikus-barna-190x70x24cm
"Fali ruhafogas 2 darab, fekete 92x30x7cm",HSR67BK02,"14,800 (Ft)","10,400 (Ft)",3,SONGMICS,1 év,92x30x7cm,Acél,59,https://www.deco24.hu/songmics-fali-ruhafogas-2-darab-fekete-92x30x7cm
"Könyvespolc, állópolc, rusztikus barna 50x25x141cm",LBC11BX,"26,600 (Ft)","21,300 (Ft)",13,VASAGLE,1 év,50x25x141.5cm,Forgácslap,5,https://www.deco24.hu/vasagle-konyvespolc-allopolc-rusztikus-barna-50x25x141cm
"Fali polc akasztókkal, rusztikus barna 60x30x31cm",LCR11BX,"12,500 (Ft)","10,000 (Ft)",3,VASAGLE,1 év,60x30x31.7cm,"Forgácslap, Acél",4,https://www.deco24.hu/vasagle-fali-polc-akasztokkal-rusztikus-barna-60x30x31cm
"2 darabos dohányzóasztal szett, rusztikus barna 50x50x40cm",LET040B01V1,"28,800 (Ft)","23,000 (Ft)",7,VASAGLE,1 év,50x50x40cm,"Forgácslap, Acél",5,https://www.deco24.hu/vasagle-2-darabos-dohanyzoasztal-szett-rusztikus-barna-50x50x40cm
"Konyhai tálaló kocsi, gurulós tároló polc, rusztikus barna 60x40x78cm",LRC78X,"30,700 (Ft)","24,600 (Ft)",8,VASAGLE,1 év,60.6x40x78cm,"Forgácslap, Acél",7,https://www.deco24.hu/vasagle-konyhai-talalo-kocsi-gurulos-tarolo-polc-rusztikus-barna-60x40x78cm
"Szennyestartó, kihúzható és levehető ruhatartó zsákkal 3x38L, fehér",BLH301W01,"25,600 (Ft)","17,900 (Ft)",7,VASAGLE,,92.5×33×72cm,"Acél, MDF (Közepes Sűrűségű Rostlemez), Oxford szövet",50,https://www.deco24.hu/vasagle-szennyestarto-kihuzhato-es-leveheto-ruhatarto-zsakkal-3x38l-feher
"Lerakóasztal fém vázzal, rusztikus barna 50x35x60cm",LNT50X,"16,800 (Ft)","12,600 (Ft)",5,VASAGLE,1 év,50x35x60cm,"Forgácslap, Acél",17,https://www.deco24.hu/vasagle-lerakoasztal-fem-vazzal-rusztikus-barna-50x35x60cm
"Konyhai tálaló kocsi, gurulós tároló polc, rusztikus barna 60x39x84cm",KKS60XV2,"26,400 (Ft)","19,800 (Ft)",11,VASAGLE,1 év,60x39x84cm,"Forgácslap, Acél",11,https://www.deco24.hu/vasagle-konyhai-talalo-kocsi-gurulos-tarolo-polc-rusztikus-barna-60x39x84cm
"Cipőtároló doboz 10 db moduláris tárolódoboz, fehér 43x31x173cm",LPC10W,"18,000 (Ft)","12,600 (Ft)",7,SONGMICS,1 év,43x31x173cm,"Vas, Polipropilén (PP), Akrilonitril-Butadién-Sztirol műanyag (ABS)",26,https://www.deco24.hu/songmics-cipotarolo-doboz-10-db-modularis-tarolodoboz-feher-43x31x173cm
Fürdőkádra helyzhető bambusz tálca ital- és könyvtartóval 25x25x25cm,BCB88Y,"15,100 (Ft)","12,100 (Ft)",2,SONGMICS,1 év,25x25x25cm,Bambusz,9,https://www.deco24.hu/songmics-furdokadra-helyzheto-bambusz-talca-ital--es-konyvtartoval-25x25x25cm
"Bambusz konyhai rendszerező polcok, 2 db-os egymásra rakható, fekete lábakkal",KCS02NB,"7,690 (Ft)","5,490 (Ft)",1,SONGMICS,,30x20x15cm,"Acél, Bambusz",32,https://www.deco24.hu/Bambusz-konyhai-rendszerezo-polcok-2-db-os-egymasr
"Lebegő fali polc, rusztikus barna 60x20x3cm",LWS26BX,"9,990 (Ft)","8,090 (Ft)",2,VASAGLE,,60x20x3.8cm,"MDF (Közepes Sűrűségű Rostlemez), Acél",7,https://www.deco24.hu/vasagle-lebego-fali-polc-rusztikus-barna-60x20x3cm
"Álló ruhafogas polcokkal és akasztóval, rusztikus barna",RCR16BX,"16,300 (Ft)","12,200 (Ft)",3,VASAGLE,1 év,50x50x179cm,"Forgácslap, Acél",15,https://www.deco24.hu/vasagle-allo-ruhafogas-polcokkal-es-akasztoval-rusztikus-barna
"Bambusz polc fürdőszobai, konyhai tároló 5 szintes, natúr 130x26x60cm",BCB35Y,"22,300 (Ft)","17,800 (Ft)",6,SONGMICS,1 év,130x26x60cm,Bambusz,3,https://www.deco24.hu/songmics-bambusz-polc-furdoszobai-konyhai-tarolo-5-szintes-natur-130x26x60cm
"Bárszék 2 db magas konyhai étkező szék, kerek, rusztikus barna",LBC32X,"29,600 (Ft)","23,700 (Ft)",7,VASAGLE,1 év,30x30x65cm,"Forgácslap, Acél",7,https://www.deco24.hu/vasagle-barszek-2-db-magas-konyhai-etkezo-szek-kerek-rusztikus-barna
"Mosdó alatti fürdőszoba szekrény, fehér 60x30x60cm",BBC01WT,"27,700 (Ft)","20,800 (Ft)",8,VASAGLE,1 év,60x30x60cm,MDF (Közepes Sűrűségű Rostlemez),12,https://www.deco24.hu/vasagle-mosdo-alatti-furdoszoba-szekreny-feher-60x30x60cm
"Esernyőtartó négyzet alakú, akasztókkal, fekete 15x15x49cm",LUC16B,"12,300 (Ft)","9,290 (Ft)",2,SONGMICS,1 év,15.5x15.5x49cm,"Acél, Polipropilén (PP)",10,https://www.deco24.hu/songmics-esernyotarto-negyzet-alaku-akasztokkal-fekete-15x15x49cm
"Fiókos álló szekrény 4 fiókkal, fehér 30x30x82cm",LHC40W,"30,400 (Ft)","21,400 (Ft)",8,VASAGLE,1 év,30x30x82cm,MDF (Közepes Sűrűségű Rostlemez),50,https://www.deco24.hu/vasagle-fiokos-allo-szekreny-4-fiokkal-feher-30x30x82cm
"Mosdó alatti fürdőszoba szekrény, rusztikus barna 60x30x63cm",BBK04BXV1,"19,900 (Ft)","15,900 (Ft)",13,VASAGLE,1 év,60x30x63cm,Forgácslap,2,https://www.deco24.hu/vasagle-mosdo-alatti-furdoszoba-szekreny-rusztikus-barna-60x30x63cm
"Előszoba fogas polccal, akasztókkal, cipőtartóval és ülőkével, rusztikus barna 183x72x33cm",HSR40B,"29,200 (Ft)","20,400 (Ft)",10,VASAGLE,1 év,183x72x33.7cm,"Forgácslap, Acél",49,https://www.deco24.hu/vasagle-eloszoba-fogas-polccal-akasztokkal-cipotartoval-es-ulokevel-rusztikus-barna-183x72x33cm
"Cipőtartó polc 10 szintes fém vázzal, fekete 45x30x174cm",LSA25BK,"11,800 (Ft)","8,390 (Ft)",3,SONGMICS,1 év,45x30x174cm,"Vas, Műanyag",49,https://www.deco24.hu/songmics-cipotarto-polc-10-szintes-fem-vazzal-fekete-45x30x174cm
"Esernyőtartó négyzet alakú, akasztókkal, fehér 15x15x49cm",LUC49W,"13,500 (Ft)","9,590 (Ft)",2,SONGMICS,1 év,15.5x15.5x49cm,"Acél, Polipropilén (PP)",49,https://www.deco24.hu/songmics-esernyotarto-negyzet-alaku-akasztokkal-feher-15x15x49cm
"Zigzag sarokpolc 5 szintes fali polc, rusztikus barna 20x20x127cm",LBC72BX,"9,900 (Ft)","7,000 (Ft)",4,VASAGLE,1 év,20x20x127.5cm,Forgácslap,48,https://www.deco24.hu/vasagle-zigzag-sarokpolc-5-szintes-fali-polc-rusztikus-barna-20x20x127cm
"Szennyestartó, kihúzható és levehető ruhatartó zsákkal, fehér",BLH101W01,"17,200 (Ft)","12,100 (Ft)",5,VASAGLE,,50x33x76cm,"MDF (Közepes Sűrűségű Rostlemez), Acél, Oxford szövet",49,https://www.deco24.hu/vasagle-szennyestarto-kihuzhato-es-leveheto-ruhatarto-zsakkal-feher
"Bambusz cipőtároló polc 3 szintes, natúr 70x28x45cm",LBS04N,"15,000 (Ft)","10,500 (Ft)",4,SONGMICS,1 év,70x28.4x45cm,Bambusz,53,https://www.deco24.hu/Bambusz-cipotarolo-polc-3-szintes-natur-70x28x45cm
"Összecsukható vászon tárolópuff, sötétszürke 38x38x40cm",LSF14GYZ,"13,600 (Ft)","10,200 (Ft)",4,SONGMICS,1 év,38x38x40cm,MDF (Közepes Sűrűségű Rostlemez),14,https://www.deco24.hu/songmics-osszecsukhato-vaszon-tarolopuff-sotetszurke-38x38x40cm
"Éjjeliszekrény nyitott polccal, rusztikus barna 46x35x51cm",LET54X,"20,300 (Ft)","16,200 (Ft)",8,VASAGLE,1 év,46x35x51.5cm,"Forgácslap, Acél",4,https://www.deco24.hu/vasagle-ejjeliszekreny-nyitott-polccal-rusztikus-barna-46x35x51cm
"Szabadon álló szekrény 4 fiókkal 1 ajtóval, fehér 55x30x81cm",LHC41W,"43,100 (Ft)","30,200 (Ft)",13,VASAGLE,1 év,55x30x81cm,MDF (Közepes Sűrűségű Rostlemez),50,https://www.deco24.hu/vasagle-szabadon-allo-szekreny-4-fiokkal-1-ajtoval-feher-55x30x81cm
"Összecsukható vászon tárolópuff, felnyitható ottomán, sötétszürke 76x38x38cm",LSF46GYZ,"16,400 (Ft)","11,500 (Ft)",6,SONGMICS,1 év,76x38x38cm,"MDF (Közepes Sűrűségű Rostlemez), Lenette szövet, Polimer hab",50,https://www.deco24.hu/songmics-osszecsukhato-vaszon-tarolopuff-felnyithato-ottoman-sotetszurke-76x38x38cm
"Szövet ruhatároló szekrény hordozható gardrób, fekete 150x45x175cm",LSF03H,"21,800 (Ft)","15,300 (Ft)",5,SONGMICS,1 év,150x45x175cm,"Acél, Nem szőtt szövet, Műanyag",50,https://www.deco24.hu/songmics-szovet-ruhatarolo-szekreny-hordozhato-gardrob-fekete-150x45x175cm
"Cipőtároló doboz, egymásra rakható műanyag tároló 18db, átlátszó 33 x 23 x 14cm",LSP18SWT,"25,200 (Ft)","17,700 (Ft)",5,SONGMICS,,33.5 x 23.2 x 14.3cm,Polipropilén (PP),49,https://www.deco24.hu/songmics-cipotarolo-doboz-egymasra-rakhato-muanyag-tarolo-18db-atlatszo-33-x-23-x-14cm
