Zpid,Street_address,City,State,ZipCode,Full Address,Price,Beds,Baths,Sqr_feet,Home_Status,Home_Type,Agent_name,Agent_phone,Listing Photos,Property_URL
2060409920,3050 Erin Centre Blvd #95,Mississauga,ON,L5M0P5,3050 Erin Centre Blvd #95 Mississauga ON L5M0P5,"C$3,200",2,3.0,1344,Townhouse for sale,TOWNHOUSE,"Rayo Irani, Broker",905-842-7000,"['https://photos.zillowstatic.com/fp/cb16d5330e62a51fd31d7a55f7da60fa-p_e.jpg', 'https://photos.zillowstatic.com/fp/c7a24628b17157b44dd6ea0f6fb003c6-p_e.jpg', 'https://photos.zillowstatic.com/fp/187111a60f789d11ec43083351d4fb31-p_e.jpg', 'https://photos.zillowstatic.com/fp/6223484877c534f2ec0fe349f0ea8321-p_e.jpg', 'https://photos.zillowstatic.com/fp/04ada954712714eda4bc862fb8c7ecea-p_e.jpg', 'https://photos.zillowstatic.com/fp/715a00959c7389ad8c9ee2ffae1ed22e-p_e.jpg', 'https://photos.zillowstatic.com/fp/8baeeec1e1cf82e0db843dfb789eb5b4-p_e.jpg', 'https://photos.zillowstatic.com/fp/0e017beab33ef955cd65bafeaec512a2-p_e.jpg', 'https://photos.zillowstatic.com/fp/efc091b1c76b36343ac4ba5d44b291f3-p_e.jpg', 'https://photos.zillowstatic.com/fp/6852d5bc5991628d95e56b53af01e64d-p_e.jpg', 'https://photos.zillowstatic.com/fp/dc3403fd7db202c1097ff6fdeac9cfa3-p_e.jpg']",https://www.zillow.com/homedetails/3050-Erin-Centre-Blvd-95-Mississauga-ON-L5M-0P5/2060409920_zpid/
2071843757,2315 Sheppard Ave W UNIT 45,Toronto,ON,M9M0E8,2315 Sheppard Ave W UNIT 45 Toronto ON M9M0E8,"C$499,900",1,1.0,,Townhouse for sale,TOWNHOUSE,,,[],https://www.zillow.com/homedetails/2315-Sheppard-Ave-W-UNIT-45-Toronto-ON-M9M-0E8/2071843757_zpid/
447525638,362 The East Mall #310,Toronto,ON,M9B6C4,362 The East Mall #310 Toronto ON M9B6C4,"C$624,900",3,2.0,,Condo for sale,CONDO,,,"['https://photos.zillowstatic.com/fp/aceaf0eba143fa87305022f9a9c24393-p_e.jpg', 'https://photos.zillowstatic.com/fp/bae13c858f00526b9c34a2a2a2d2c13a-p_e.jpg', 'https://photos.zillowstatic.com/fp/54590eb5f45e6a65cdadb4b481b7f312-p_e.jpg', 'https://photos.zillowstatic.com/fp/9363018e5599cf57aab411f03a647f13-p_e.jpg', 'https://photos.zillowstatic.com/fp/8b13dbb7fb0927ef60099a5f1d72cee3-p_e.jpg', 'https://photos.zillowstatic.com/fp/10a0c8b9d9fec30d05da98e861582e3b-p_e.jpg', 'https://photos.zillowstatic.com/fp/0b14a92fcba2127213a18a315ceb7034-p_e.jpg', 'https://photos.zillowstatic.com/fp/5c8cf2d11ac84d3a64dfc64a04618141-p_e.jpg', 'https://photos.zillowstatic.com/fp/1d143d91275dcfd5e64c60bf748b740c-p_e.jpg', 'https://photos.zillowstatic.com/fp/7bbba8a5a1cebf95eea8ecc51a8b12f9-p_e.jpg', 'https://photos.zillowstatic.com/fp/1be8c4cb40f6d8efebbadf86fd28af1d-p_e.jpg', 'https://photos.zillowstatic.com/fp/0503e48a85f0a95574b3286094d86ccb-p_e.jpg', 'https://photos.zillowstatic.com/fp/8dde455021eaeb9ff76c3de98e032afa-p_e.jpg', 'https://photos.zillowstatic.com/fp/37126183f16e33cabd6551d836fec482-p_e.jpg', 'https://photos.zillowstatic.com/fp/c246dc9363df5f6418aa554a83140b0c-p_e.jpg', 'https://photos.zillowstatic.com/fp/1830ff30d05e15d76b0fa6421dc4f881-p_e.jpg', 'https://photos.zillowstatic.com/fp/b1199c2a71b3bc9357d9838a02a0b31b-p_e.jpg', 'https://photos.zillowstatic.com/fp/d4565e8ef484c648a26d0c7ae97b0616-p_e.jpg', 'https://photos.zillowstatic.com/fp/561c4578f2a25f9f8f10b0a5a2b7d65b-p_e.jpg', 'https://photos.zillowstatic.com/fp/bd016d0f13d68c192916490bec2ef9a9-p_e.jpg', 'https://photos.zillowstatic.com/fp/e9aa1ec2e1f5ba2058e3c8cd9475693b-p_e.jpg', 'https://photos.zillowstatic.com/fp/26637ce6ed720a696b5ff99785df7b50-p_e.jpg', 'https://photos.zillowstatic.com/fp/6921d844849bcff3673666ea66075741-p_e.jpg', 'https://photos.zillowstatic.com/fp/b0f1924700bf305ab6c7e974ece71110-p_e.jpg', 'https://photos.zillowstatic.com/fp/56422431ef42a201166119fcdf8e7e9e-p_e.jpg', 'https://photos.zillowstatic.com/fp/92a2be2f417d22f2b950a341ebb6c512-p_e.jpg', 'https://photos.zillowstatic.com/fp/c03947cf704d71b777d9d7d60644a6f3-p_e.jpg', 'https://photos.zillowstatic.com/fp/93468dd027b4f6340fe2208ecb0cb7aa-p_e.jpg', 'https://photos.zillowstatic.com/fp/5d3057b143e33913dd64ca1eed5eedd3-p_e.jpg', 'https://photos.zillowstatic.com/fp/62439412a81615f14e3331ebbb90fdc5-p_e.jpg', 'https://photos.zillowstatic.com/fp/8e89ea8fcc831c1f26e35a79e92762e1-p_e.jpg', 'https://photos.zillowstatic.com/fp/5ecc90e78020784701b59ce13f28370e-p_e.jpg', 'https://photos.zillowstatic.com/fp/e54ac99a81521e215239a994da77cdea-p_e.jpg', 'https://photos.zillowstatic.com/fp/9e1fddc204354060b5824e7f5cb9cedf-p_e.jpg', 'https://photos.zillowstatic.com/fp/d59ed93609b78d74747ef72f218faf82-p_e.jpg', 'https://photos.zillowstatic.com/fp/0e481e99068faa5dd6f462cac6df8863-p_e.jpg', 'https://photos.zillowstatic.com/fp/9e37b04a8bc81c1eac65fb6e239ca8d8-p_e.jpg', 'https://photos.zillowstatic.com/fp/f1f8b68af394eb227a8c0717db90299b-p_e.jpg', 'https://photos.zillowstatic.com/fp/55582b32a5b28f21f6ac3eafb554a97e-p_e.jpg', 'https://photos.zillowstatic.com/fp/224583ced46069bdc646911bb08eb313-p_e.jpg']",https://www.zillow.com/homedetails/362-The-East-Mall-310-Toronto-ON-M9B-6C4/447525638_zpid/
447255043,340 Dixon Rd #2208,Toronto,ON,M9R1T1,340 Dixon Rd #2208 Toronto ON M9R1T1,"C$298,800",2,1.0,,Condo for sale,CONDO,,,"['https://photos.zillowstatic.com/fp/fdcb64b148fb29b8920b1fc5eeed94ab-p_e.jpg', 'https://photos.zillowstatic.com/fp/65686113daf3bec2f1518349942e40c9-p_e.jpg', 'https://photos.zillowstatic.com/fp/7b8d792ce1c013a99f8ae76289067cd5-p_e.jpg', 'https://photos.zillowstatic.com/fp/04ab1d733289262edca5f9894e8b09bf-p_e.jpg', 'https://photos.zillowstatic.com/fp/6f3413cb8b4ed5d81787f5f97d03657f-p_e.jpg', 'https://photos.zillowstatic.com/fp/039a7b5b10f167526d35c463b831e357-p_e.jpg', 'https://photos.zillowstatic.com/fp/37f6f0126a8ebcf53342ee3a9479199f-p_e.jpg', 'https://photos.zillowstatic.com/fp/5d8e511b3bc6119771e363bb8c1cc53d-p_e.jpg', 'https://photos.zillowstatic.com/fp/b6b43da9638cbe4197b51d671f473024-p_e.jpg', 'https://photos.zillowstatic.com/fp/7ba9ad5234ad2ec55626b6aba3416303-p_e.jpg', 'https://photos.zillowstatic.com/fp/ea020f3fe23fa1b5d5f185a3a3b2cc53-p_e.jpg']",https://www.zillow.com/homedetails/340-Dixon-Rd-2208-Toronto-ON-M9R-1T1/447255043_zpid/
447543175,3389 Scotch Pine Gate,Mississauga,ON,L5N7M8,3389 Scotch Pine Gate Mississauga ON L5N7M8,"C$949,800",4,3.0,,House for sale,SINGLE_FAMILY,,,[],https://www.zillow.com/homedetails/3389-Scotch-Pine-Gate-Mississauga-ON-L5N-7M8/447543175_zpid/
2075620764,4 Lisa St #1210,Brampton,ON,L6T4B6,4 Lisa St #1210 Brampton ON L6T4B6,"C$399,999",3,1.0,,Condo for sale,CONDO,,,"['https://photos.zillowstatic.com/fp/f975fa36fb37ffd12a55b3f91c31cbd8-p_e.jpg', 'https://photos.zillowstatic.com/fp/1c091e9b0e594d5b13d727c7be6a6bf1-p_e.jpg', 'https://photos.zillowstatic.com/fp/59fb3bb667baef6c59c42971565c8dad-p_e.jpg', 'https://photos.zillowstatic.com/fp/10eb970c71e536c23eaf3b01561fd162-p_e.jpg', 'https://photos.zillowstatic.com/fp/9ede06547d76e40d391c5845fdbc0493-p_e.jpg', 'https://photos.zillowstatic.com/fp/bce247521d7257ff21748c2045efad8c-p_e.jpg', 'https://photos.zillowstatic.com/fp/f97619b57cd9e82f96167326e3f5f9b0-p_e.jpg', 'https://photos.zillowstatic.com/fp/33b90ed7276c3af58f20585d8e42144b-p_e.jpg', 'https://photos.zillowstatic.com/fp/fa4112a0ed7b3e730dc34e4d344e306a-p_e.jpg', 'https://photos.zillowstatic.com/fp/0320f8c4f071f16e66f82ccc6afa43c1-p_e.jpg', 'https://photos.zillowstatic.com/fp/4d2d7af6123ad056c30d1334022aad15-p_e.jpg', 'https://photos.zillowstatic.com/fp/144ec745e8192883ec493dc0c6839519-p_e.jpg', 'https://photos.zillowstatic.com/fp/6e02a579a4d8d51a9d16e31f00d55827-p_e.jpg', 'https://photos.zillowstatic.com/fp/4de1d01ab1659a94dac7deff099f69ac-p_e.jpg', 'https://photos.zillowstatic.com/fp/d117d2f79b28e3f26fb7fd3742297054-p_e.jpg', 'https://photos.zillowstatic.com/fp/25549d45ea17c6b8bfac1d99a57f0ff5-p_e.jpg', 'https://photos.zillowstatic.com/fp/bd1429d6a50eb7da8e1ce3b99d406c38-p_e.jpg', 'https://photos.zillowstatic.com/fp/7569394f411e071d7122439ac7f9b9dc-p_e.jpg', 'https://photos.zillowstatic.com/fp/2e4006c2074b1e0c2596c4e7769d8f1f-p_e.jpg', 'https://photos.zillowstatic.com/fp/45bdcd84b027c7e773fb13ee7a6e9d92-p_e.jpg', 'https://photos.zillowstatic.com/fp/b1a74e16b83f3e617c5cf64e5bb1b80b-p_e.jpg', 'https://photos.zillowstatic.com/fp/eee79654238d5980eb4ea62be7fc14db-p_e.jpg', 'https://photos.zillowstatic.com/fp/3f6a5570d80c0e1465b5442f524e5f59-p_e.jpg', 'https://photos.zillowstatic.com/fp/84c2b00ce3ca347d5a0d569e73af5aa3-p_e.jpg', 'https://photos.zillowstatic.com/fp/da942bbeed56d6b69e116b39451a8f6b-p_e.jpg', 'https://photos.zillowstatic.com/fp/8cc9e10a6cca30f4ad8e41908663129e-p_e.jpg', 'https://photos.zillowstatic.com/fp/eeb4c4d35436cbca92dfb0c6f63160bc-p_e.jpg', 'https://photos.zillowstatic.com/fp/0579b3a307b1e1634511720eb58c2c4c-p_e.jpg', 'https://photos.zillowstatic.com/fp/a5c4a68718a333c3b174976eb760b876-p_e.jpg', 'https://photos.zillowstatic.com/fp/da7beb6d5e7f3e9b7492afefc4a94ec1-p_e.jpg', 'https://photos.zillowstatic.com/fp/3d1ccccb84838684fd4c12340d97391f-p_e.jpg', 'https://photos.zillowstatic.com/fp/582c366d8b96d411c0642f093ec79a53-p_e.jpg', 'https://photos.zillowstatic.com/fp/e1fc9c1b44d3fc5f1f3150900dab4e05-p_e.jpg', 'https://photos.zillowstatic.com/fp/5f47d0b8cbc877a8c605f27061e88103-p_e.jpg', 'https://photos.zillowstatic.com/fp/5fef858a12d8792f115b74ce97926aad-p_e.jpg', 'https://photos.zillowstatic.com/fp/e995509578d5306f7a5ac8612c946905-p_e.jpg']",https://www.zillow.com/homedetails/4-Lisa-St-1210-Brampton-ON-L6T-4B6/2075620764_zpid/
2081899314,2520 Eglinton Ave W #1119,Mississauga,ON,L5M0Y4,2520 Eglinton Ave W #1119 Mississauga ON L5M0Y4,"C$499,000",2,2.0,,Condo for sale,CONDO,,,"['https://photos.zillowstatic.com/fp/1116aac52cc06f986acd8e4f400a253c-p_e.jpg', 'https://photos.zillowstatic.com/fp/f0da140bbb7c6f546d5d3935c04e9f0c-p_e.jpg', 'https://photos.zillowstatic.com/fp/92aeb608bf430698434c084c58fdd1ef-p_e.jpg', 'https://photos.zillowstatic.com/fp/a4c3b992b5949b4ddba539ea91520b7b-p_e.jpg', 'https://photos.zillowstatic.com/fp/36b76aa77a9388889de957d9861c7c0b-p_e.jpg', 'https://photos.zillowstatic.com/fp/450f9e2b39d69b9121d3cddafc71a948-p_e.jpg', 'https://photos.zillowstatic.com/fp/8e7fb8a3eee6bac51bab6b257dcc6448-p_e.jpg', 'https://photos.zillowstatic.com/fp/eda96c3031d11652bff3c3d90c81385d-p_e.jpg', 'https://photos.zillowstatic.com/fp/e8cc3afd0698ebbc66c5fab3aba85162-p_e.jpg', 'https://photos.zillowstatic.com/fp/2db98f2dd4a2dc0b0b46c0ea2aee2090-p_e.jpg', 'https://photos.zillowstatic.com/fp/acb42bb9ce57a4990d091a5b84659643-p_e.jpg', 'https://photos.zillowstatic.com/fp/af67058e2d4fde0eb2f4e450b641751c-p_e.jpg', 'https://photos.zillowstatic.com/fp/f61a9831f74c9c3ea506256d5b6808af-p_e.jpg', 'https://photos.zillowstatic.com/fp/65a2f568b39ebe45cc680c3e3ca54c72-p_e.jpg', 'https://photos.zillowstatic.com/fp/b159efc21a1479068074b5a3bf142a23-p_e.jpg', 'https://photos.zillowstatic.com/fp/87863c9db749524106381e16bfd12b2c-p_e.jpg', 'https://photos.zillowstatic.com/fp/c99f7ecc93d0581f8ccf0076bb926630-p_e.jpg', 'https://photos.zillowstatic.com/fp/0f5456052d88080aba8ae2bb1daadfd2-p_e.jpg', 'https://photos.zillowstatic.com/fp/451b89e397692363ef67c5306985f44d-p_e.jpg', 'https://photos.zillowstatic.com/fp/245ad14dcac5dfab3a819dc577e9dbe5-p_e.jpg', 'https://photos.zillowstatic.com/fp/acd6921816e365e40a2856413b1d0b35-p_e.jpg', 'https://photos.zillowstatic.com/fp/040a4569f0347eed45ca77b7aac4e03a-p_e.jpg', 'https://photos.zillowstatic.com/fp/6540c25385d82f43a4ef3cf8b73408c9-p_e.jpg', 'https://photos.zillowstatic.com/fp/9ea07ce0aef770c3773fd26b3b00a89e-p_e.jpg', 'https://photos.zillowstatic.com/fp/d323a0fc69a58b4d770ce76a2fb5b136-p_e.jpg', 'https://photos.zillowstatic.com/fp/52449a8b2c3146bbc07cebbd5ca02388-p_e.jpg', 'https://photos.zillowstatic.com/fp/9007a314d983da1928de8a9d1467c3a4-p_e.jpg', 'https://photos.zillowstatic.com/fp/56f6b712921929ba889f3b8934a67fd7-p_e.jpg', 'https://photos.zillowstatic.com/fp/ed643d3ffaf01c1cda4cf763a0116700-p_e.jpg', 'https://photos.zillowstatic.com/fp/f6192109e942f660da398ef78661410e-p_e.jpg', 'https://photos.zillowstatic.com/fp/2a57c80438ec946b533267f3b3175389-p_e.jpg', 'https://photos.zillowstatic.com/fp/f3cf00d1d960a5297ed10667fbba58ef-p_e.jpg', 'https://photos.zillowstatic.com/fp/989905ec1bebeb0da5ee7c2572c36b0c-p_e.jpg', 'https://photos.zillowstatic.com/fp/2f7ac4799c4b96f7d4874419c8a6447f-p_e.jpg', 'https://photos.zillowstatic.com/fp/fe862285da65ab9874a0ff11d9b65295-p_e.jpg', 'https://photos.zillowstatic.com/fp/a6f62a3510477c3880bd6d84748094e0-p_e.jpg']",https://www.zillow.com/homedetails/2520-Eglinton-Ave-W-1119-Mississauga-ON-L5M-0Y4/2081899314_zpid/
447291255,601 Shoreline Dr #125,Mississauga,ON,L5B4K2,601 Shoreline Dr #125 Mississauga ON L5B4K2,"C$429,000",1,1.0,,Townhouse for sale,TOWNHOUSE,,,"['https://photos.zillowstatic.com/fp/2584758e4d5bc2a1cb16c023c2f876b8-p_e.jpg', 'https://photos.zillowstatic.com/fp/2e9288e2b0562207da0ddf068622c3c1-p_e.jpg', 'https://photos.zillowstatic.com/fp/a56c0e0acc18faaab7d260534c6ab5b2-p_e.jpg', 'https://photos.zillowstatic.com/fp/7ddf103c4deb4cc4c7ae92040754b1ef-p_e.jpg', 'https://photos.zillowstatic.com/fp/c016b62962384659b4481f8bfde5cb47-p_e.jpg', 'https://photos.zillowstatic.com/fp/5ef0983e2e909a692f69b3ca58849541-p_e.jpg', 'https://photos.zillowstatic.com/fp/e74f6683c38d2a2c30192e4bd8400bef-p_e.jpg', 'https://photos.zillowstatic.com/fp/12cb3c5cc64a3f7c027b9e6cde5acde9-p_e.jpg', 'https://photos.zillowstatic.com/fp/1dce4c8737a483a296b275a2e1d4fa01-p_e.jpg', 'https://photos.zillowstatic.com/fp/fea384b4018379f6cbcb66e4a805bf73-p_e.jpg', 'https://photos.zillowstatic.com/fp/6b1491b884173ae5bfb0b59d07d159c8-p_e.jpg', 'https://photos.zillowstatic.com/fp/24324e6597fbe8c9281aa75b84b6cce9-p_e.jpg', 'https://photos.zillowstatic.com/fp/aabdb9818186e34b1aa4bc3526dec386-p_e.jpg', 'https://photos.zillowstatic.com/fp/575f9f512d353fddc8e8035ee4c50ae2-p_e.jpg', 'https://photos.zillowstatic.com/fp/161775cb2e8d5d1bbd2ec7cde43ccb80-p_e.jpg', 'https://photos.zillowstatic.com/fp/f2b4172d0ed2a9ee9f54b33b084991a4-p_e.jpg', 'https://photos.zillowstatic.com/fp/8621f49a70581a99eb0950a983c68ad9-p_e.jpg', 'https://photos.zillowstatic.com/fp/930f9e52de076f7fee05cdc8df33ddeb-p_e.jpg', 'https://photos.zillowstatic.com/fp/074c242dc9465df8e8fc2d833a63b66c-p_e.jpg', 'https://photos.zillowstatic.com/fp/275b6c81fa9ebbb19e893f789645f9c1-p_e.jpg', 'https://photos.zillowstatic.com/fp/1e63b00d812698c979e52d76da7db9ca-p_e.jpg', 'https://photos.zillowstatic.com/fp/403b75d69c680635f20dd34edabf9d50-p_e.jpg', 'https://photos.zillowstatic.com/fp/e63673e10255b9d4e88241867167b1da-p_e.jpg', 'https://photos.zillowstatic.com/fp/e7575fb04c9c63aa77bc8e903e05c005-p_e.jpg', 'https://photos.zillowstatic.com/fp/b6d70e5ef84cd2179e10e21613ec7399-p_e.jpg', 'https://photos.zillowstatic.com/fp/488953439e973a20d137653402143625-p_e.jpg', 'https://photos.zillowstatic.com/fp/5a83a96f36d5d67a3b0ab70b6287bf1f-p_e.jpg', 'https://photos.zillowstatic.com/fp/a4c63814a38f3f7608f0776711d595e4-p_e.jpg', 'https://photos.zillowstatic.com/fp/652c3e4795ef5d03955d2e91aa03f083-p_e.jpg', 'https://photos.zillowstatic.com/fp/c0870829d592d93f1dd4000046b98be1-p_e.jpg']",https://www.zillow.com/homedetails/601-Shoreline-Dr-125-Mississauga-ON-L5B-4K2/447291255_zpid/
447170438,390 Dixon Rd #2008,Toronto,ON,M9R1T4,390 Dixon Rd #2008 Toronto ON M9R1T4,"C$241,000",1,1.0,,Condo for sale,CONDO,,,"['https://photos.zillowstatic.com/fp/5d3dd39beb0a7f9202acf0a0d68d8216-p_e.jpg', 'https://photos.zillowstatic.com/fp/f79dfe0f4596105e50f495ce9e6a9cf0-p_e.jpg', 'https://photos.zillowstatic.com/fp/67a91186924554a34eaca729feb92fc8-p_e.jpg', 'https://photos.zillowstatic.com/fp/7f84e33fe0bc4bd7125a1b6fef781b7b-p_e.jpg', 'https://photos.zillowstatic.com/fp/70cd0d43db6b7cd0996fc3ae1c0f39ee-p_e.jpg']",https://www.zillow.com/homedetails/390-Dixon-Rd-2008-Toronto-ON-M9R-1T4/447170438_zpid/
447518671,55 Barondale Dr #32,Mississauga,ON,L4Z3P9,55 Barondale Dr #32 Mississauga ON L4Z3P9,"C$569,000",4,3.0,,Townhouse for sale,TOWNHOUSE,,,[],https://www.zillow.com/homedetails/55-Barondale-Dr-32-Mississauga-ON-L4Z-3P9/447518671_zpid/
447518658,2485 Woking Cres #404,Mississauga,ON,L5K1Z6,2485 Woking Cres #404 Mississauga ON L5K1Z6,"C$488,000",3,2.0,,Condo for sale,CONDO,,,"['https://photos.zillowstatic.com/fp/68939de44bbfc3c3be91228b22d7ebf2-p_e.jpg', 'https://photos.zillowstatic.com/fp/1b3218cc0c1709d3d2e292e2d0f6bda7-p_e.jpg', 'https://photos.zillowstatic.com/fp/0810e09484006d08b989474936f5f593-p_e.jpg', 'https://photos.zillowstatic.com/fp/add8fa37c549984401eb68d9816b9396-p_e.jpg', 'https://photos.zillowstatic.com/fp/21c3897f997ae46a3718e21eace51cfc-p_e.jpg', 'https://photos.zillowstatic.com/fp/fad62f7cec1df4c11ba381597b4aed71-p_e.jpg', 'https://photos.zillowstatic.com/fp/60dba25b10acb5d51073751d8a5e9206-p_e.jpg', 'https://photos.zillowstatic.com/fp/faf1c43c7ede5a408fdea1bbead35094-p_e.jpg', 'https://photos.zillowstatic.com/fp/c91cb7fc3884fdebb61b88d61b803a34-p_e.jpg', 'https://photos.zillowstatic.com/fp/5cd610e19ecc6121d04ba08b1c52078f-p_e.jpg', 'https://photos.zillowstatic.com/fp/af921be75e2a9863c4146891a938b992-p_e.jpg', 'https://photos.zillowstatic.com/fp/94caf236f74c73a1c6a31d3fb7cb4767-p_e.jpg', 'https://photos.zillowstatic.com/fp/a380180793f9eca174d98e939cb54e52-p_e.jpg', 'https://photos.zillowstatic.com/fp/b894d81647ef2e16f34b4038d3c610db-p_e.jpg', 'https://photos.zillowstatic.com/fp/53bf52056ec218f3ef4ff29178462e8b-p_e.jpg', 'https://photos.zillowstatic.com/fp/f1edf537cd7e51fe61f1e9c0483f8388-p_e.jpg', 'https://photos.zillowstatic.com/fp/e5c9de7fb691ecf06fac7b17bf656c8f-p_e.jpg', 'https://photos.zillowstatic.com/fp/5f06d814b8fc9da18bcc9787b6b0f395-p_e.jpg', 'https://photos.zillowstatic.com/fp/ca4f7b5e73a5cf06b5db01e579f1d51b-p_e.jpg', 'https://photos.zillowstatic.com/fp/5bc48785fcf72d6e8d6efdee81baa560-p_e.jpg', 'https://photos.zillowstatic.com/fp/4919ed9523d54be4ca8eed3a72218238-p_e.jpg', 'https://photos.zillowstatic.com/fp/480f397d46a612fd2155f9520afd8da6-p_e.jpg', 'https://photos.zillowstatic.com/fp/7bc9270014a2650ee641b6c8872de3d0-p_e.jpg', 'https://photos.zillowstatic.com/fp/db8f8e6595b78ac57be03afa5a3f5c15-p_e.jpg', 'https://photos.zillowstatic.com/fp/9e2b0d576786873e7378a522c5bcf692-p_e.jpg', 'https://photos.zillowstatic.com/fp/76fc1278dd30c959a106675bdfb0c6b4-p_e.jpg', 'https://photos.zillowstatic.com/fp/7a74ad9ab80782a8776bb5c23c16c99e-p_e.jpg']",https://www.zillow.com/homedetails/2485-Woking-Cres-404-Mississauga-ON-L5K-1Z6/447518658_zpid/
445812383,30 Malta Ave #1405,Brampton,ON,L6Y4S5,30 Malta Ave #1405 Brampton ON L6Y4S5,"C$499,000",3,2.0,,Condo for sale,CONDO,,,['https://photos.zillowstatic.com/fp/6199aef1923e449dd0bc564abcf4fe56-p_e.jpg'],https://www.zillow.com/homedetails/30-Malta-Ave-1405-Brampton-ON-L6Y-4S5/445812383_zpid/
441690356,6720 Glen Erin Dr #1013,Mississauga,ON,L5N3K8,6720 Glen Erin Dr #1013 Mississauga ON L5N3K8,"C$525,000",2,1.0,887,Condo for sale,CONDO,"Pinder Singh, Broker",905-821-3200,"['https://photos.zillowstatic.com/fp/63f4c6e04d10ab6aa106dbdb9ce40453-p_e.jpg', 'https://photos.zillowstatic.com/fp/b391d9bee8ac763950229dba4c038321-p_e.jpg', 'https://photos.zillowstatic.com/fp/354a5123866371ddf814ff60f9c7f3d9-p_e.jpg', 'https://photos.zillowstatic.com/fp/b1c8676c7b9326ca1321a877c134cd69-p_e.jpg', 'https://photos.zillowstatic.com/fp/31b85686c8cb993ff9606311e9811a7c-p_e.jpg', 'https://photos.zillowstatic.com/fp/16e1a1f365b506e42fd03ea5a6f9a6b4-p_e.jpg', 'https://photos.zillowstatic.com/fp/a58c0b29a1b2ee58c8ef74416fb1635d-p_e.jpg', 'https://photos.zillowstatic.com/fp/56d7636a7ee24abf23161f27db249269-p_e.jpg', 'https://photos.zillowstatic.com/fp/f3839670c7d8f0ca1911bde29c08bc7d-p_e.jpg', 'https://photos.zillowstatic.com/fp/40552b1f762481e5a1e1e71f015de179-p_e.jpg', 'https://photos.zillowstatic.com/fp/43665c8fbd363f36dcc0ddb135346764-p_e.jpg', 'https://photos.zillowstatic.com/fp/b6ffdd657725adec3443c5f574e4564c-p_e.jpg', 'https://photos.zillowstatic.com/fp/257943781a68e310738036d4a69e6bfd-p_e.jpg', 'https://photos.zillowstatic.com/fp/fa1e2d73e4b77b7704cfa78f15045c0f-p_e.jpg', 'https://photos.zillowstatic.com/fp/dbc842f493d719714aa4ae32b5049577-p_e.jpg', 'https://photos.zillowstatic.com/fp/9467d0bdfede7de5346b0ea1ae5a7788-p_e.jpg', 'https://photos.zillowstatic.com/fp/73d26667b2bcd3364fa515d122336a9c-p_e.jpg', 'https://photos.zillowstatic.com/fp/f7d4c5a536ebcddd363b2d9497a9b4dd-p_e.jpg', 'https://photos.zillowstatic.com/fp/283f236a8b74332f31d4d62e689db73c-p_e.jpg', 'https://photos.zillowstatic.com/fp/b340ffae4ea678d55276f162c6aba89f-p_e.jpg', 'https://photos.zillowstatic.com/fp/d8e7c6a4584a3d4d7a618381a8137283-p_e.jpg', 'https://photos.zillowstatic.com/fp/cfc89a51ea01fe2b4a6a33b2f42bb973-p_e.jpg', 'https://photos.zillowstatic.com/fp/977b8164188ecd7117bf343fac8f5840-p_e.jpg', 'https://photos.zillowstatic.com/fp/87f0f7fa96afb6c4abba2c7207bb3840-p_e.jpg', 'https://photos.zillowstatic.com/fp/34545c80ef09d0d47bc05ca43bd5c823-p_e.jpg', 'https://photos.zillowstatic.com/fp/7d357ae9337f2797cf89e23e4968980d-p_e.jpg', 'https://photos.zillowstatic.com/fp/45927349aaccf939a8d633f600958075-p_e.jpg', 'https://photos.zillowstatic.com/fp/cd8ef436620cd36416338287966bcd75-p_e.jpg', 'https://photos.zillowstatic.com/fp/6c021a2de205942fd911c86edaee4f05-p_e.jpg', 'https://photos.zillowstatic.com/fp/533c4d3a5a3f0f0ddefbbd7c1bf055c7-p_e.jpg', 'https://photos.zillowstatic.com/fp/ff7aaa12407c9675ecfcbda03dc7785e-p_e.jpg', 'https://photos.zillowstatic.com/fp/d37f7d83829c67f9a27a0e2fc7d2c079-p_e.jpg', 'https://photos.zillowstatic.com/fp/77aff8636981925bd9873dc52aedf580-p_e.jpg', 'https://photos.zillowstatic.com/fp/ab088deb3257812fb7bcd109cbb604cf-p_e.jpg', 'https://photos.zillowstatic.com/fp/b6d4acae5633fe5897fa7181a5edad16-p_e.jpg', 'https://photos.zillowstatic.com/fp/c832928bcc049061d433bcf77440a512-p_e.jpg', 'https://photos.zillowstatic.com/fp/48fc76c6cd8bfeefa6b5a6cfb4a830b7-p_e.jpg', 'https://photos.zillowstatic.com/fp/98e4fd2a1e66d041a17191a299843b57-p_e.jpg', 'https://photos.zillowstatic.com/fp/39ee839d191d6c0ec7db42d6b6a82452-p_e.jpg']",https://www.zillow.com/homedetails/6720-Glen-Erin-Dr-1013-Mississauga-ON-L5N-3K8/441690356_zpid/
2068504455,26 Hanover Rd #103,Brampton,ON,L6S4T2,26 Hanover Rd #103 Brampton ON L6S4T2,"C$514,900",3,2.0,,Condo for sale,CONDO,,,"['https://photos.zillowstatic.com/fp/63d6fd50ba48559e843c2a964ef75787-p_e.jpg', 'https://photos.zillowstatic.com/fp/7e00d9606f3fcb6ffcfcd6fe8d600fed-p_e.jpg', 'https://photos.zillowstatic.com/fp/42f392045edbfac52aff12220b7751ff-p_e.jpg', 'https://photos.zillowstatic.com/fp/2d8740c2860bcd0c4c86fd15d7c41dd8-p_e.jpg', 'https://photos.zillowstatic.com/fp/fa5dd78f3bb207d7a9b4676957fd62be-p_e.jpg', 'https://photos.zillowstatic.com/fp/98ac845dd0e8d03b2eac1277ad3c0b0e-p_e.jpg', 'https://photos.zillowstatic.com/fp/6aea5fa780477636b7af248d3be6ee11-p_e.jpg', 'https://photos.zillowstatic.com/fp/6c02e7e314dd979b8302eb2a52a5b8c2-p_e.jpg']",https://www.zillow.com/homedetails/26-Hanover-Rd-103-Brampton-ON-L6S-4T2/2068504455_zpid/
446923386,55 S Town Centre Blvd #908,Markham,ON,L6G0B1,55 S Town Centre Blvd #908 Markham ON L6G0B1,"C$580,000",2,1.0,,Condo for sale,CONDO,,,"['https://photos.zillowstatic.com/fp/3468f20cda07deb47347e2967091a352-p_e.jpg', 'https://photos.zillowstatic.com/fp/c506d4b738f2ebd570ea7cb02c914a39-p_e.jpg', 'https://photos.zillowstatic.com/fp/1c772f39a0e65606ca09f7c97b2d0ea0-p_e.jpg', 'https://photos.zillowstatic.com/fp/c34a49a17fae12955d4f4807b257b90c-p_e.jpg', 'https://photos.zillowstatic.com/fp/0679f889adea8d8d69893b84c0e400aa-p_e.jpg', 'https://photos.zillowstatic.com/fp/0e01fd896916a00e7761bb7e5a25ebcb-p_e.jpg', 'https://photos.zillowstatic.com/fp/505395d515c2c7fcb5b596905ae27c1e-p_e.jpg']",https://www.zillow.com/homedetails/55-S-Town-Centre-Blvd-908-Markham-ON-L6G-0B1/446923386_zpid/
446906745,90 Carisbrooke Ct,Brampton,ON,L6S3K1,90 Carisbrooke Ct Brampton ON L6S3K1,"C$549,900",3,2.0,,Townhouse for sale,TOWNHOUSE,,,['https://photos.zillowstatic.com/fp/193e7b8a5e343a6920bfc4836c2982d9-p_e.jpg'],https://www.zillow.com/homedetails/90-Carisbrooke-Ct-Brampton-ON-L6S-3K1/446906745_zpid/
2062250398,6839 2nd Line W,Mississauga,ON,L5W1M8,6839 2nd Line W Mississauga ON L5W1M8,"C$1,999,989",,0.0,,Lot / Land for sale,LOT,,,"['https://photos.zillowstatic.com/fp/1b5467a442563a1dde924226b568aeb6-p_e.jpg', 'https://photos.zillowstatic.com/fp/0a4c26c43804a459d23bc960dfe9b5aa-p_e.jpg']",https://www.zillow.com/homedetails/6839-2nd-Line-W-Mississauga-ON-L5W-1M8/2062250398_zpid/
2056026179,65 Watergarden Dr #201,Mississauga,ON,L5R0G9,65 Watergarden Dr #201 Mississauga ON L5R0G9,"C$488,000",3,2.0,,Condo for sale,CONDO,,,"['https://photos.zillowstatic.com/fp/d7e41f9598706e8e13c46c1acdc6d540-p_e.jpg', 'https://photos.zillowstatic.com/fp/02eb2ede9c94e79c139f0b50e9170fc5-p_e.jpg', 'https://photos.zillowstatic.com/fp/8ec34c5d83d95785db559e0302651b5b-p_e.jpg', 'https://photos.zillowstatic.com/fp/24ce1c079abda765a973c0d7302f1199-p_e.jpg', 'https://photos.zillowstatic.com/fp/2d96653164755d3fc41520b256b0c696-p_e.jpg', 'https://photos.zillowstatic.com/fp/72d3d3e73f2eae9bfb2bc31ea073e4dd-p_e.jpg', 'https://photos.zillowstatic.com/fp/b1f7e4b1ab6061aaa0a7333f8e02d09f-p_e.jpg', 'https://photos.zillowstatic.com/fp/2b674d8cfb3c6c688276b8ab96bdb90a-p_e.jpg', 'https://photos.zillowstatic.com/fp/e1103779e25e351a92a37c8a41f85af6-p_e.jpg', 'https://photos.zillowstatic.com/fp/b275341aeaedc43dc5a7c952be899fc1-p_e.jpg', 'https://photos.zillowstatic.com/fp/a09399889e3e2e309c56e4f5d245bb2c-p_e.jpg', 'https://photos.zillowstatic.com/fp/f54ced07c7041710dad61727a38a3e4e-p_e.jpg', 'https://photos.zillowstatic.com/fp/125661fd4b666520523b35da460009f2-p_e.jpg', 'https://photos.zillowstatic.com/fp/0093561813f857420b7e78c4cd441a97-p_e.jpg', 'https://photos.zillowstatic.com/fp/815dd9b3b57bf23f34420b2a774a1c4c-p_e.jpg', 'https://photos.zillowstatic.com/fp/0e62d0cd86a1ce8352c491d0bfb7cd75-p_e.jpg', 'https://photos.zillowstatic.com/fp/2e41e3d5cba720f191a06abc1f8338e1-p_e.jpg', 'https://photos.zillowstatic.com/fp/34ca7b10808b8371c12098d774995bc3-p_e.jpg', 'https://photos.zillowstatic.com/fp/51f961e92b5c1f54d4eea89474ff2e22-p_e.jpg', 'https://photos.zillowstatic.com/fp/2332ed2d4881561cc6f90f3059542d93-p_e.jpg', 'https://photos.zillowstatic.com/fp/9bfef18802b2fc4594493c56a1982c2d-p_e.jpg', 'https://photos.zillowstatic.com/fp/e699e7e15de87f11f964210ff8ccb83d-p_e.jpg', 'https://photos.zillowstatic.com/fp/723e0afe2ad16694d76622975b00b910-p_e.jpg', 'https://photos.zillowstatic.com/fp/424e5acc52be6ce9a48058194a5bd0c6-p_e.jpg']",https://www.zillow.com/homedetails/65-Watergarden-Dr-201-Mississauga-ON-L5R-0G9/2056026179_zpid/
442406418,3 Lisa St #312,Brampton,ON,L6T4A2,3 Lisa St #312 Brampton ON L6T4A2,"C$509,000",2,2.0,,Condo for sale,CONDO,,,"['https://photos.zillowstatic.com/fp/e3d6ee9dde0f9f84a672fa12d3c5416d-p_e.jpg', 'https://photos.zillowstatic.com/fp/dffc3b04d6ed6e16bce836e0455dcd87-p_e.jpg', 'https://photos.zillowstatic.com/fp/3cb22b7a09b783f78ca1a05a25f1f74d-p_e.jpg', 'https://photos.zillowstatic.com/fp/b105500f3b8ff38e8b4949df48809444-p_e.jpg', 'https://photos.zillowstatic.com/fp/54b92b5c9548c9f72d55a38608a70f16-p_e.jpg', 'https://photos.zillowstatic.com/fp/08b360d80d35039f9ffd1cd924df8403-p_e.jpg', 'https://photos.zillowstatic.com/fp/f708c045e15dd031201fc985c341784a-p_e.jpg', 'https://photos.zillowstatic.com/fp/e42f5278129fa8a4cda279453971277f-p_e.jpg', 'https://photos.zillowstatic.com/fp/7c7675c0f418f623a11fa0118d1b6783-p_e.jpg']",https://www.zillow.com/homedetails/3-Lisa-St-312-Brampton-ON-L6T-4A2/442406418_zpid/
446843167,188 Mill St S UNIT 215,Brampton,ON,L6Y1T8,188 Mill St S UNIT 215 Brampton ON L6Y1T8,"C$399,900",2,1.0,,Condo for sale,CONDO,,,[],https://www.zillow.com/homedetails/188-Mill-St-S-UNIT-215-Brampton-ON-L6Y-1T8/446843167_zpid/
2056273923,85 Attmar Dr #225,Brampton,ON,L6P2R4,85 Attmar Dr #225 Brampton ON L6P2R4,"C$529,000",1,1.0,,Townhouse for sale,TOWNHOUSE,,,"['https://photos.zillowstatic.com/fp/2e75301a372bdead7c3bbf8cd77b2693-p_e.jpg', 'https://photos.zillowstatic.com/fp/9f0f8b017df748ff62e01289a46b66f0-p_e.jpg', 'https://photos.zillowstatic.com/fp/87f87a178f248dcee379d7fbd02360ea-p_e.jpg', 'https://photos.zillowstatic.com/fp/7e0ebe7ccc1c5c3478a7da1ef7e74c4c-p_e.jpg']",https://www.zillow.com/homedetails/85-Attmar-Dr-225-Brampton-ON-L6P-2R4/2056273923_zpid/
441747539,310 Mill St S #1102,Brampton,ON,L6Y3B1,310 Mill St S #1102 Brampton ON L6Y3B1,"C$420,000",2,2.0,,Condo for sale,CONDO,,,"['https://photos.zillowstatic.com/fp/992009d6f8ae8eb7c2738e5377a6a2ef-p_e.jpg', 'https://photos.zillowstatic.com/fp/e0aa76f1a8a91bfa706274432c386903-p_e.jpg', 'https://photos.zillowstatic.com/fp/542d94474022ab919047d2c17415901f-p_e.jpg', 'https://photos.zillowstatic.com/fp/ac4bb424bbbe907c33f27147a78b69c1-p_e.jpg', 'https://photos.zillowstatic.com/fp/4a52dec2983dba4a6d35e1fa7fa43afb-p_e.jpg', 'https://photos.zillowstatic.com/fp/2921d895581df30bd7550645446f47f4-p_e.jpg', 'https://photos.zillowstatic.com/fp/736e670e1e2a82214123f083177cef06-p_e.jpg', 'https://photos.zillowstatic.com/fp/825ff9b65528cd07221771cd00594a29-p_e.jpg', 'https://photos.zillowstatic.com/fp/64926749fb1cbaee6219b58efc090bb0-p_e.jpg', 'https://photos.zillowstatic.com/fp/e874b5e28fc601ac4f1ec36f48a8c1c4-p_e.jpg', 'https://photos.zillowstatic.com/fp/6d1af0b8985bb2c49fb50ca466c15a76-p_e.jpg', 'https://photos.zillowstatic.com/fp/fa5a031e4a2114851eeae9ddf6db039f-p_e.jpg', 'https://photos.zillowstatic.com/fp/229202a20b9b1c2a1888214adbeee01e-p_e.jpg', 'https://photos.zillowstatic.com/fp/ef50af2acaa7bdc4f7507b6b566c18a3-p_e.jpg', 'https://photos.zillowstatic.com/fp/f6bd1a9c0d41b1d5e66a6a64353e9683-p_e.jpg', 'https://photos.zillowstatic.com/fp/fe62ae082f0b309a0af096e55d41c282-p_e.jpg', 'https://photos.zillowstatic.com/fp/de28a26d318ecb916465d3718185288c-p_e.jpg', 'https://photos.zillowstatic.com/fp/6317f36d34355c0034bee29c8b5467d6-p_e.jpg', 'https://photos.zillowstatic.com/fp/3f97159b1afc218f5b64b5e37b94e4ce-p_e.jpg', 'https://photos.zillowstatic.com/fp/ee2d55b521604eb3fa23b6a44da4656c-p_e.jpg', 'https://photos.zillowstatic.com/fp/957c5a972383c3b76bcba0a9da1ec339-p_e.jpg', 'https://photos.zillowstatic.com/fp/b507171b3bcc93ebd54361a346f17c9a-p_e.jpg', 'https://photos.zillowstatic.com/fp/dda1492be45bcef915c8bcbde13761c1-p_e.jpg', 'https://photos.zillowstatic.com/fp/60afda85395084c74cd06d1a4c55c508-p_e.jpg', 'https://photos.zillowstatic.com/fp/03010d0f7bb519d826004e7b1b333719-p_e.jpg', 'https://photos.zillowstatic.com/fp/5b3a8c8e58003acbcfc1492df8efa72c-p_e.jpg', 'https://photos.zillowstatic.com/fp/8593baee610581eddac4141068d09b66-p_e.jpg', 'https://photos.zillowstatic.com/fp/cf41145fbca8b9ff9c7e3c106c92df39-p_e.jpg', 'https://photos.zillowstatic.com/fp/db31192103553d64efa0dd63a04a1159-p_e.jpg', 'https://photos.zillowstatic.com/fp/56d7111b98802f348ef481b34ff87d4f-p_e.jpg', 'https://photos.zillowstatic.com/fp/9590c89ad10d014df1dabe882633d732-p_e.jpg', 'https://photos.zillowstatic.com/fp/a7e3e0c6fe9a3345663b9c71ec87474b-p_e.jpg', 'https://photos.zillowstatic.com/fp/693dc5983cae46c6a30f1c2bb1a16410-p_e.jpg', 'https://photos.zillowstatic.com/fp/98a71f76ca0905029199d364bfc3e5f2-p_e.jpg', 'https://photos.zillowstatic.com/fp/dffdc7454b8720ed72055378b2c29c1d-p_e.jpg', 'https://photos.zillowstatic.com/fp/55bfc3aa6abc05f08d7612f255895bdf-p_e.jpg', 'https://photos.zillowstatic.com/fp/0426af3f84ec1f1a633a988994310e88-p_e.jpg', 'https://photos.zillowstatic.com/fp/0a8f39ccc4fd48905a27ba316635e369-p_e.jpg', 'https://photos.zillowstatic.com/fp/b5940d02e14828e136196bcbc9850258-p_e.jpg']",https://www.zillow.com/homedetails/310-Mill-St-S-1102-Brampton-ON-L6Y-3B1/441747539_zpid/
2066387600,70 Baycliffe Cres #106,Brampton,ON,L7A0Z5,70 Baycliffe Cres #106 Brampton ON L7A0Z5,"C$2,749",2,2.0,,Condo for sale,CONDO,,,"['https://photos.zillowstatic.com/fp/c541352574a4f1bfb138cd74341d55e3-p_e.jpg', 'https://photos.zillowstatic.com/fp/2f8749f07bc7f286664ab6d9b210ef9c-p_e.jpg', 'https://photos.zillowstatic.com/fp/c28353299d0009bd7668517de79c6f2d-p_e.jpg', 'https://photos.zillowstatic.com/fp/db1e3461f7ab41632a8710e6b91d4da2-p_e.jpg', 'https://photos.zillowstatic.com/fp/c8af022396d9fa5ec817bec945138315-p_e.jpg', 'https://photos.zillowstatic.com/fp/a577e719c36ab4744e032ae5120da805-p_e.jpg', 'https://photos.zillowstatic.com/fp/2b244172bcd42a74971e5dae22e90df5-p_e.jpg']",https://www.zillow.com/homedetails/70-Baycliffe-Cres-106-Brampton-ON-L7A-0Z5/2066387600_zpid/
440333677,1930 Wanless Dr #44,Brampton,ON,L7A0A7,1930 Wanless Dr #44 Brampton ON L7A0A7,"C$649,900",2,2.0,,New construction,TOWNHOUSE,,,"['https://photos.zillowstatic.com/fp/1cb194fda5edd930aee4bfe56b7fb6e7-p_e.jpg', 'https://photos.zillowstatic.com/fp/a578b9d3544262cf598b171181d051b1-p_e.jpg', 'https://photos.zillowstatic.com/fp/a1f464b1d4daef6574849f043c2a9131-p_e.jpg', 'https://photos.zillowstatic.com/fp/9addffe3d11d3b64aaf531312c2b1958-p_e.jpg', 'https://photos.zillowstatic.com/fp/5588ecdcdefd09fcdd6e6969aa79cdda-p_e.jpg', 'https://photos.zillowstatic.com/fp/afa0b1dfd9a5e7f5807fb761a3dcbd2c-p_e.jpg', 'https://photos.zillowstatic.com/fp/f798fd77dd79e8eca83fa0771b1ba1ec-p_e.jpg']",https://www.zillow.com/homedetails/1930-Wanless-Dr-44-Brampton-ON-L7A-0A7/440333677_zpid/
445812398,15 Lynch St #1001,Brampton,ON,L6W2Z8,15 Lynch St #1001 Brampton ON L6W2Z8,"C$509,999",2,1.0,,Condo for sale,CONDO,,,"['https://photos.zillowstatic.com/fp/c76c81eba8e6a607000d1701f97b20cc-p_e.jpg', 'https://photos.zillowstatic.com/fp/8a2cc90dce2160b7f91702458a5157dc-p_e.jpg', 'https://photos.zillowstatic.com/fp/1fc714212e23c1b83eaec3fe42782a24-p_e.jpg', 'https://photos.zillowstatic.com/fp/8a179398db7611ab64d3cb6268ec66ab-p_e.jpg', 'https://photos.zillowstatic.com/fp/b4e69b7edbf9e32f426c6c6da37d33b7-p_e.jpg', 'https://photos.zillowstatic.com/fp/fe04a7c8d3eb10976d527b533c52efa4-p_e.jpg', 'https://photos.zillowstatic.com/fp/0d9187dfede6c4fbf1ddd37da2458322-p_e.jpg', 'https://photos.zillowstatic.com/fp/3c5d7710d193e5b810c45f26f7a992b1-p_e.jpg']",https://www.zillow.com/homedetails/15-Lynch-St-1001-Brampton-ON-L6W-2Z8/445812398_zpid/
2062241792,9650 Highway 27 Rd,Vaughan,ON,L4L1A7,9650 Highway 27 Rd Vaughan ON L4L1A7,C$2,6,4.0,,House for sale,SINGLE_FAMILY,,,"['https://photos.zillowstatic.com/fp/71bd90db52efc914f2e45a285895918e-p_e.jpg', 'https://photos.zillowstatic.com/fp/c9ff7494f91fc41bad9dfd4caf3aeb6e-p_e.jpg', 'https://photos.zillowstatic.com/fp/0c69be43f3b40089c8496288964c582e-p_e.jpg', 'https://photos.zillowstatic.com/fp/03f64af69991496991e4c2c94e1f5beb-p_e.jpg', 'https://photos.zillowstatic.com/fp/a941e1d681e3f0df86243568a938eb96-p_e.jpg', 'https://photos.zillowstatic.com/fp/5bd39cefa039fef625cb433ac22a50ae-p_e.jpg', 'https://photos.zillowstatic.com/fp/d56864669681de0a1add26400e688011-p_e.jpg', 'https://photos.zillowstatic.com/fp/bb50a696e6873063a6331bcfe6bfca3d-p_e.jpg', 'https://photos.zillowstatic.com/fp/e68278446e2f894b4faf9537b2de3063-p_e.jpg', 'https://photos.zillowstatic.com/fp/ba3d96ca16ebdf285c31b57c583f8c84-p_e.jpg', 'https://photos.zillowstatic.com/fp/f03ea602e403ae11de5b802b82a569e0-p_e.jpg', 'https://photos.zillowstatic.com/fp/a4329218ae92d2045247e7336116712a-p_e.jpg', 'https://photos.zillowstatic.com/fp/155fb7174036d68bfd296797a93ae54b-p_e.jpg', 'https://photos.zillowstatic.com/fp/4620cd9bc2ace4a709245eaaf6aaff7f-p_e.jpg', 'https://photos.zillowstatic.com/fp/7a2966f028aa01741e279ef22801bef7-p_e.jpg', 'https://photos.zillowstatic.com/fp/dde4c1b1915ce243a22a3e449f699369-p_e.jpg', 'https://photos.zillowstatic.com/fp/8660986430d37a01d85929dad1c366d3-p_e.jpg', 'https://photos.zillowstatic.com/fp/8e2d9836f0830a22ef6b1337966b3f01-p_e.jpg', 'https://photos.zillowstatic.com/fp/f5d0ba78def3f98c0c861491ebb7ac84-p_e.jpg', 'https://photos.zillowstatic.com/fp/897e1e8ec97f4d638081e1d46829d085-p_e.jpg', 'https://photos.zillowstatic.com/fp/d0d201050bd008b2df9bcdd9c585824d-p_e.jpg', 'https://photos.zillowstatic.com/fp/f4ad8236d257291d05d8f2a9036ccda5-p_e.jpg', 'https://photos.zillowstatic.com/fp/8067436da4604c22272cdccf8d480518-p_e.jpg', 'https://photos.zillowstatic.com/fp/9bf0cb839b37fed33ec8afcb70b3bb45-p_e.jpg', 'https://photos.zillowstatic.com/fp/b54e4dbf28be25455e39566f1294512e-p_e.jpg', 'https://photos.zillowstatic.com/fp/e6e2a01c2e0d53e7b495830c6487e1a4-p_e.jpg', 'https://photos.zillowstatic.com/fp/a806c5b214774c534e8be09309851702-p_e.jpg', 'https://photos.zillowstatic.com/fp/c26805647a2b03905eeb756b589bd35b-p_e.jpg', 'https://photos.zillowstatic.com/fp/d0b5ef1fd41d6841ea13f9e6c78da1f4-p_e.jpg', 'https://photos.zillowstatic.com/fp/a89b112f5d208b36e07884993e169ec1-p_e.jpg', 'https://photos.zillowstatic.com/fp/d2f62d5286e80cd70116bf9d5981befe-p_e.jpg', 'https://photos.zillowstatic.com/fp/0ac611068e095422fccaf66aa60e6362-p_e.jpg']",https://www.zillow.com/homedetails/9650-Highway-27-Rd-Vaughan-ON-L4L-1A7/2062241792_zpid/
345354894,310 Mill St S #709,Brampton,ON,L6Y3B1,310 Mill St S #709 Brampton ON L6Y3B1,"C$454,000",3,2.0,,Condo for sale,CONDO,,,"['https://photos.zillowstatic.com/fp/1325de2ea2f078bfa67b42096c96bf03-p_e.jpg', 'https://photos.zillowstatic.com/fp/fcbf9d2ecdb7e265015573da068bdc07-p_e.jpg', 'https://photos.zillowstatic.com/fp/2948db4240a874bc6c268ed0c444a8e8-p_e.jpg', 'https://photos.zillowstatic.com/fp/b6d577a16878dec772ec912624587fcf-p_e.jpg', 'https://photos.zillowstatic.com/fp/146bfc245f77cf0f5f1286ce3c7a5249-p_e.jpg', 'https://photos.zillowstatic.com/fp/2bd4fa1f39f67ffb983a7730ac73fded-p_e.jpg', 'https://photos.zillowstatic.com/fp/0014cbd6be10c7b9a754a9930a55a24d-p_e.jpg', 'https://photos.zillowstatic.com/fp/b8c6b021ecf105171006d91847eb31cc-p_e.jpg', 'https://photos.zillowstatic.com/fp/010cb98ca9f565ec41d210f2e4f0b920-p_e.jpg', 'https://photos.zillowstatic.com/fp/646430535e93a2d802740195d281c3b1-p_e.jpg', 'https://photos.zillowstatic.com/fp/b848e10c2579733c06d744413950e662-p_e.jpg', 'https://photos.zillowstatic.com/fp/4b6bbf61972f517a443c1112709e332d-p_e.jpg', 'https://photos.zillowstatic.com/fp/0a05734acaa312f5f359bb9ed73a2637-p_e.jpg', 'https://photos.zillowstatic.com/fp/d6736ea5edd0f401ab96632388bffb17-p_e.jpg', 'https://photos.zillowstatic.com/fp/c24873d0b0ca6742ac3dbb6e752ed614-p_e.jpg', 'https://photos.zillowstatic.com/fp/66514c562d10d356775727f9d4a8b820-p_e.jpg', 'https://photos.zillowstatic.com/fp/3ac4551acbacaa11a3048eec4106f5aa-p_e.jpg', 'https://photos.zillowstatic.com/fp/e80769e10d7ed9fd2de3847fd100065a-p_e.jpg', 'https://photos.zillowstatic.com/fp/0a0f6074c86fdaef61668ea28e8de589-p_e.jpg', 'https://photos.zillowstatic.com/fp/5b835c30e00d1a9864e793aad0e3b84c-p_e.jpg', 'https://photos.zillowstatic.com/fp/5b760f05cc55f553de698939d4cc5fe6-p_e.jpg', 'https://photos.zillowstatic.com/fp/272cead6936387131423cd212a781a37-p_e.jpg', 'https://photos.zillowstatic.com/fp/0f80e495aa97772fcee77fa7b0ed751c-p_e.jpg', 'https://photos.zillowstatic.com/fp/c2c3ff3a708bc8a5e7afcf598979ccb5-p_e.jpg', 'https://photos.zillowstatic.com/fp/6fd9468491bf2a52aadee889ec446246-p_e.jpg', 'https://photos.zillowstatic.com/fp/736d0a63283e8f9f311f799c709c4123-p_e.jpg', 'https://photos.zillowstatic.com/fp/47e0a92c0fc6ce131e7bd9c67e021695-p_e.jpg', 'https://photos.zillowstatic.com/fp/d55360f0cb9d5dbb3d4020cefb409989-p_e.jpg', 'https://photos.zillowstatic.com/fp/ffba3a0bec3a760f7bf2d3051c642f0d-p_e.jpg', 'https://photos.zillowstatic.com/fp/8987920d53e0fe4e6ba108a0ec72a99c-p_e.jpg', 'https://photos.zillowstatic.com/fp/019209b3aba127ef7247e1ba6c75175d-p_e.jpg', 'https://photos.zillowstatic.com/fp/790716a992c40155643b9f5999d4395c-p_e.jpg', 'https://photos.zillowstatic.com/fp/e2ae8e3e191447af6c19e1515aafcb55-p_e.jpg', 'https://photos.zillowstatic.com/fp/44c43229e1ab490033ed1de790cb6aec-p_e.jpg', 'https://photos.zillowstatic.com/fp/a957d112ddcad01d2a9a7ba8a623df6e-p_e.jpg', 'https://photos.zillowstatic.com/fp/959646c963992159a9fce8827f6e64d6-p_e.jpg', 'https://photos.zillowstatic.com/fp/f32ba20b311fd5934841dafe3bd97ff9-p_e.jpg', 'https://photos.zillowstatic.com/fp/775a7782c11468a074fa2835cabe4141-p_e.jpg', 'https://photos.zillowstatic.com/fp/cda6fd71896b9c4e48c95dfd37fc2811-p_e.jpg']",https://www.zillow.com/homedetails/310-Mill-St-S-709-Brampton-ON-L6Y-3B1/345354894_zpid/
447518638,29 Geraldine Ct,Brampton,ON,L6S2J6,29 Geraldine Ct Brampton ON L6S2J6,"C$549,900",4,2.0,,Townhouse for sale,TOWNHOUSE,,,['https://photos.zillowstatic.com/fp/0ebb7db37bd6f552120674bbb40a0c6b-p_e.jpg'],https://www.zillow.com/homedetails/29-Geraldine-Ct-Brampton-ON-L6S-2J6/447518638_zpid/
402582305,300 Ray Lawson Blvd #216,Brampton,ON,L6Y5H5,300 Ray Lawson Blvd #216 Brampton ON L6Y5H5,"C$485,000",2,2.0,,Condo for sale,CONDO,,,"['https://photos.zillowstatic.com/fp/db2cbd08a3615cec4d6e079620cbf6e1-p_e.jpg', 'https://photos.zillowstatic.com/fp/f4b2b04d7d1591bfb6e0e1f6188225f7-p_e.jpg', 'https://photos.zillowstatic.com/fp/6673cd627d8b969d9cd7085af7677246-p_e.jpg', 'https://photos.zillowstatic.com/fp/8b148b73781f3f409c0623ba7574ebc1-p_e.jpg', 'https://photos.zillowstatic.com/fp/518b8e1810f0c6779d5f75c3d06543a6-p_e.jpg', 'https://photos.zillowstatic.com/fp/f46b4db920b164192a165154d5ce94ff-p_e.jpg', 'https://photos.zillowstatic.com/fp/9e6021eb0b121b00dbe1425b4a43eb19-p_e.jpg', 'https://photos.zillowstatic.com/fp/f06f62739ef253d2059267b831ab27f8-p_e.jpg', 'https://photos.zillowstatic.com/fp/44f4052c01350752b22bcb1ffafc1b65-p_e.jpg']",https://www.zillow.com/homedetails/300-Ray-Lawson-Blvd-216-Brampton-ON-L6Y-5H5/402582305_zpid/
447525653,455 Apache Ct S #63,Mississauga,ON,L4Z3W8,455 Apache Ct S #63 Mississauga ON L4Z3W8,"C$899,000",3,3.0,,Townhouse for sale,TOWNHOUSE,,,"['https://photos.zillowstatic.com/fp/9444c005c6c3eab543f7509833072e62-p_e.jpg', 'https://photos.zillowstatic.com/fp/53c161e834236ef1f7760a866b147edc-p_e.jpg', 'https://photos.zillowstatic.com/fp/775caba4a5cbc45695796821f0a4ed67-p_e.jpg', 'https://photos.zillowstatic.com/fp/f25be377cf5253273fbda524b63326a1-p_e.jpg', 'https://photos.zillowstatic.com/fp/c96a766e127898090b554fa0d79339ff-p_e.jpg', 'https://photos.zillowstatic.com/fp/308799773ea4574911b0d19890d600a1-p_e.jpg', 'https://photos.zillowstatic.com/fp/9215258ab1ddc120c3366e83af2d475e-p_e.jpg', 'https://photos.zillowstatic.com/fp/afb909d14e4494a6f10bb2a8c2a2c910-p_e.jpg', 'https://photos.zillowstatic.com/fp/af7827fcf0f9c5ab19f8ccc24acad5e1-p_e.jpg', 'https://photos.zillowstatic.com/fp/7c56c0497f6f48b60b91ab4da50951a9-p_e.jpg', 'https://photos.zillowstatic.com/fp/69d5e393c937393659cd9226b29d8d16-p_e.jpg', 'https://photos.zillowstatic.com/fp/d94a1a49d752fed37cb9f1100ca725b5-p_e.jpg', 'https://photos.zillowstatic.com/fp/c958914dfbec3de82cdfe17399f7b781-p_e.jpg', 'https://photos.zillowstatic.com/fp/c1cbca9286fe9c2f9bfd49ed1d701314-p_e.jpg', 'https://photos.zillowstatic.com/fp/db61455d10a8f4110d980e09257b1741-p_e.jpg', 'https://photos.zillowstatic.com/fp/7e215a4506dcb56d240054c4deed07c8-p_e.jpg', 'https://photos.zillowstatic.com/fp/b29065d65293bb210ea59b8d65351431-p_e.jpg', 'https://photos.zillowstatic.com/fp/6554b50d9b4991e81d35f962bd971785-p_e.jpg', 'https://photos.zillowstatic.com/fp/0e70acffa352dd8a5c8101cb75025cc3-p_e.jpg', 'https://photos.zillowstatic.com/fp/e38e636a577d320488630852295fbadc-p_e.jpg', 'https://photos.zillowstatic.com/fp/7a1862a1121ed77bbb80ae3f10feaa1a-p_e.jpg', 'https://photos.zillowstatic.com/fp/c0f35fbea46625cc2041c66b207f70a8-p_e.jpg', 'https://photos.zillowstatic.com/fp/04f69fc4021e3c9c9386bcfc2ef76a56-p_e.jpg', 'https://photos.zillowstatic.com/fp/6c2ace7013316263da469a6f50a205ca-p_e.jpg', 'https://photos.zillowstatic.com/fp/66e6377f6efe0411bc6de0c841a8a200-p_e.jpg']",https://www.zillow.com/homedetails/455-Apache-Ct-S-63-Mississauga-ON-L4Z-3W8/447525653_zpid/
2071850708,52 Collingwood Ave,Brampton,ON,L7A1L6,52 Collingwood Ave Brampton ON L7A1L6,"C$919,000",3,3.0,,House for sale,SINGLE_FAMILY,,,"['https://photos.zillowstatic.com/fp/c85cbd7ea525a56be4138dd5be78ac78-p_e.jpg', 'https://photos.zillowstatic.com/fp/37826d28ad6d8963134d5e71041526c2-p_e.jpg', 'https://photos.zillowstatic.com/fp/3f7d3fbb073a73f58702eb5f74d5a1fc-p_e.jpg', 'https://photos.zillowstatic.com/fp/a095f15c99d785cc54047b233d8c58a4-p_e.jpg', 'https://photos.zillowstatic.com/fp/4d25eef4efaddfd777715a68f204a33c-p_e.jpg', 'https://photos.zillowstatic.com/fp/ed1feb92fb4f86d2f3b5399f9245c936-p_e.jpg', 'https://photos.zillowstatic.com/fp/c2ce00121ad2b2f166271e4bba42f156-p_e.jpg', 'https://photos.zillowstatic.com/fp/993eb7f0a330de503cd494e573fc688b-p_e.jpg', 'https://photos.zillowstatic.com/fp/ca8ef403a724886794cdb27bcf0cd285-p_e.jpg', 'https://photos.zillowstatic.com/fp/518af02ae9d6442d78beb01e7c3226ed-p_e.jpg', 'https://photos.zillowstatic.com/fp/ccd65ec3db3520cd593ceb93c41b83e7-p_e.jpg', 'https://photos.zillowstatic.com/fp/54ab2066f9ea98e3439beff68cd6847f-p_e.jpg', 'https://photos.zillowstatic.com/fp/2db53e9e52bea5a167c0905b7765719e-p_e.jpg', 'https://photos.zillowstatic.com/fp/b135436da9796b57e40e408470864779-p_e.jpg']",https://www.zillow.com/homedetails/52-Collingwood-Ave-Brampton-ON-L7A-1L6/2071850708_zpid/
347951519,8888 Yonge St #619,Richmond Hill,ON,L4C6Z5,8888 Yonge St #619 Richmond Hill ON L4C6Z5,"C$729,000",3,2.0,,Condo for sale,CONDO,,,"['https://photos.zillowstatic.com/fp/d2f469accbd4d9a60eb547f5c52fb2da-p_e.jpg', 'https://photos.zillowstatic.com/fp/b5cef0a1c610c32e0ce7f020aaf4a617-p_e.jpg', 'https://photos.zillowstatic.com/fp/d3c3f5e3819bd649b3722e45d5949d91-p_e.jpg', 'https://photos.zillowstatic.com/fp/b9fa126987359328366433abac59b8d6-p_e.jpg', 'https://photos.zillowstatic.com/fp/0ecaa28fb644758b5190d740a320cd12-p_e.jpg']",https://www.zillow.com/homedetails/8888-Yonge-St-619-Richmond-Hill-ON-L4C-6Z5/347951519_zpid/
443891321,25 Portneuf Ct,Toronto,ON,M5A4E5,25 Portneuf Ct Toronto ON M5A4E5,"C$150,000",0,0.0,,Townhouse for sale,TOWNHOUSE,,,['https://photos.zillowstatic.com/fp/05449ae415e1b621ef25bcccf49a45bf-p_e.jpg'],https://www.zillow.com/homedetails/25-Portneuf-Ct-Toronto-ON-M5A-4E5/443891321_zpid/
447518225,88 Charles St E #108,Toronto,ON,M4Y2W7,88 Charles St E #108 Toronto ON M4Y2W7,"C$379,000",0,1.0,,Condo for sale,CONDO,,,"['https://photos.zillowstatic.com/fp/7cf8a208d33981d473b1ccfb4399696c-p_e.jpg', 'https://photos.zillowstatic.com/fp/f5ccbfc4adb1cf7919e9c09a233acc1e-p_e.jpg', 'https://photos.zillowstatic.com/fp/0cac9fe6bd5f3ce4dccd06648a38f4cb-p_e.jpg', 'https://photos.zillowstatic.com/fp/553ab24d0de70096f86ceeef62047a9f-p_e.jpg', 'https://photos.zillowstatic.com/fp/fced22f510be40a66a01e6b2d656a337-p_e.jpg', 'https://photos.zillowstatic.com/fp/bdf5a64e1de70a7eab23f34b9d3daacc-p_e.jpg', 'https://photos.zillowstatic.com/fp/0cc6c070d13726f6e8e88f971738ed9f-p_e.jpg', 'https://photos.zillowstatic.com/fp/dd162170fc39550f1fd658bd9619fa40-p_e.jpg', 'https://photos.zillowstatic.com/fp/e09817af8b2f39994272e19226cd9235-p_e.jpg', 'https://photos.zillowstatic.com/fp/56d984d7d8f482a9e6eb02a271bee819-p_e.jpg', 'https://photos.zillowstatic.com/fp/6e6ddfcb44dad3d9d786a5d1bbfac55d-p_e.jpg']",https://www.zillow.com/homedetails/88-Charles-St-E-108-Toronto-ON-M4Y-2W7/447518225_zpid/
447505536,717 1/2 Palmerston Ave,Toronto,ON,M6G2P6,717 1/2 Palmerston Ave Toronto ON M6G2P6,"C$1,799,000",5,6.0,,House for sale,SINGLE_FAMILY,,,"['https://photos.zillowstatic.com/fp/ffde73c7d7477a02639f646bae854f0c-p_e.jpg', 'https://photos.zillowstatic.com/fp/67fb05c664ebaeb6c2d7698fad8d6fdb-p_e.jpg', 'https://photos.zillowstatic.com/fp/7798425f7620ac350df076bd5726e069-p_e.jpg', 'https://photos.zillowstatic.com/fp/2d8f1712e3a2ba9700e882133fa234c6-p_e.jpg', 'https://photos.zillowstatic.com/fp/1281245cdb7a1a09ad841b31efc7fe16-p_e.jpg', 'https://photos.zillowstatic.com/fp/e6851db20fd385b62dffab55a16ec94c-p_e.jpg', 'https://photos.zillowstatic.com/fp/703b8cabafbf997b06826f29b42a998e-p_e.jpg', 'https://photos.zillowstatic.com/fp/25719797c61b7c259fde5a6cd51c76f6-p_e.jpg', 'https://photos.zillowstatic.com/fp/4ad53f011e5ea060f859cc2a40ecb0a8-p_e.jpg', 'https://photos.zillowstatic.com/fp/8d8029ae437ff897b92b26376d0aac6a-p_e.jpg', 'https://photos.zillowstatic.com/fp/bc5ba208db052c3c7824db72d02fc7e6-p_e.jpg', 'https://photos.zillowstatic.com/fp/a076e872c5d73840e592bb43ce62f073-p_e.jpg', 'https://photos.zillowstatic.com/fp/0bd6829aee2a05b2b8fae4fefb4ca45d-p_e.jpg', 'https://photos.zillowstatic.com/fp/f23ae8adb3c08f04d01e2afca37ebf6d-p_e.jpg', 'https://photos.zillowstatic.com/fp/c9f0e27efd452d536fe18cdcda67007a-p_e.jpg', 'https://photos.zillowstatic.com/fp/49f3c05f1fcf30331ff053c2fb5783f9-p_e.jpg', 'https://photos.zillowstatic.com/fp/a4db9c8074a60a724ea84a9b42f03ee5-p_e.jpg', 'https://photos.zillowstatic.com/fp/8cd01cedd72f30dec2322bec529b44d5-p_e.jpg', 'https://photos.zillowstatic.com/fp/1442c2aff31cc47e3d7e59879d40347c-p_e.jpg', 'https://photos.zillowstatic.com/fp/fb01971e8fec193efcdd57592adfca79-p_e.jpg', 'https://photos.zillowstatic.com/fp/01bfdfda395acc01e02126833a9cf6f8-p_e.jpg', 'https://photos.zillowstatic.com/fp/c3271186929577adc0f4eea1379845bf-p_e.jpg', 'https://photos.zillowstatic.com/fp/9f980bbb0b9ce58aac2a6c4b87ada834-p_e.jpg', 'https://photos.zillowstatic.com/fp/a91b7687c9279d909e23d01e7c78a9ca-p_e.jpg', 'https://photos.zillowstatic.com/fp/9358b34bef9dc1f698880d7031fa5338-p_e.jpg', 'https://photos.zillowstatic.com/fp/19fb263b7b1045aac6c9025d6d09afcc-p_e.jpg', 'https://photos.zillowstatic.com/fp/c64ef12aea33d0ea22505503a158700b-p_e.jpg', 'https://photos.zillowstatic.com/fp/a59232c5c016962169f6452ce8b4cba6-p_e.jpg', 'https://photos.zillowstatic.com/fp/42c1e4c88debbb777d6377977eb3d6bc-p_e.jpg', 'https://photos.zillowstatic.com/fp/3365b16d67362eec0af66bdd99b571a7-p_e.jpg', 'https://photos.zillowstatic.com/fp/2e2ab02a6d254db29d7ab05e15f2baed-p_e.jpg', 'https://photos.zillowstatic.com/fp/2e76231187cbcc167ccda2b464aa5183-p_e.jpg', 'https://photos.zillowstatic.com/fp/587ab6f9df05425a71f7374e72fb77e6-p_e.jpg', 'https://photos.zillowstatic.com/fp/675d89b2ab3bfa9415b3ef4c9683a1bc-p_e.jpg', 'https://photos.zillowstatic.com/fp/fcfdf5bde7cfcb56273f4f1b353f6c04-p_e.jpg', 'https://photos.zillowstatic.com/fp/e8678ceeb82fa1465b797614f351500e-p_e.jpg', 'https://photos.zillowstatic.com/fp/7420c375c2d55896449db8d4beaf514c-p_e.jpg', 'https://photos.zillowstatic.com/fp/a9f4fc1f24c03e4325b279cc1f33f86c-p_e.jpg', 'https://photos.zillowstatic.com/fp/5f72a0426330cbc04495b1a0c2d46dd9-p_e.jpg']",https://www.zillow.com/homedetails/717-1-2-Palmerston-Ave-Toronto-ON-M6G-2P6/447505536_zpid/
2077986200,2 Hedge End Rd #9,Toronto,ON,M1B5Z8,2 Hedge End Rd #9 Toronto ON M1B5Z8,"C$574,900",3,3.0,,Townhouse for sale,TOWNHOUSE,,,"['https://photos.zillowstatic.com/fp/414084c48c6f151f2ea89722c4734241-p_e.jpg', 'https://photos.zillowstatic.com/fp/3aa9370e57fb470d95b151e375ead1a0-p_e.jpg', 'https://photos.zillowstatic.com/fp/a054dcc10f3927ae897bf15786ce5a47-p_e.jpg', 'https://photos.zillowstatic.com/fp/7f5d5dea22cb4586f5f12dedf4fc9b67-p_e.jpg']",https://www.zillow.com/homedetails/2-Hedge-End-Rd-9-Toronto-ON-M1B-5Z8/2077986200_zpid/
447525625,245 McLevin Ave #5,Toronto,ON,M1B5K1,245 McLevin Ave #5 Toronto ON M1B5K1,"C$697,400",3,2.0,,Townhouse for sale,TOWNHOUSE,,,"['https://photos.zillowstatic.com/fp/132752bbdf44736cabab45987ed285dc-p_e.jpg', 'https://photos.zillowstatic.com/fp/e9194d33e55da01ebe6e58c50548694e-p_e.jpg', 'https://photos.zillowstatic.com/fp/e5b1b302f3e9f29e0dc8a8c7577bba12-p_e.jpg', 'https://photos.zillowstatic.com/fp/433729af6da59b15a030da94683fa72f-p_e.jpg', 'https://photos.zillowstatic.com/fp/b838a7835d5f4acd5531ece088f84f9b-p_e.jpg', 'https://photos.zillowstatic.com/fp/c6899cba6c7252ed79666d3cbeb3fb90-p_e.jpg', 'https://photos.zillowstatic.com/fp/94cbe22ec0fc59f5d63d00aa89485668-p_e.jpg', 'https://photos.zillowstatic.com/fp/30528dba1c0fe526b76324dba84b2392-p_e.jpg', 'https://photos.zillowstatic.com/fp/65e8b4b82469d78f56c9e08192021eb8-p_e.jpg', 'https://photos.zillowstatic.com/fp/f6fb953d4f351b5a4978ab9f9d600526-p_e.jpg', 'https://photos.zillowstatic.com/fp/b5be2146f5b869ee9c519c40fbbf8dc4-p_e.jpg', 'https://photos.zillowstatic.com/fp/d2122a0d0ba6b87cd09247108ea9bfe1-p_e.jpg', 'https://photos.zillowstatic.com/fp/469e3551ba95aff1e9e92663a2d214b9-p_e.jpg', 'https://photos.zillowstatic.com/fp/950ed5ef8c3d709f191dd4056352eb0f-p_e.jpg', 'https://photos.zillowstatic.com/fp/a9efbc2dee1d5ff77f964a725df3f16e-p_e.jpg', 'https://photos.zillowstatic.com/fp/4b97c8ce40740aaf966924a9836a77e3-p_e.jpg', 'https://photos.zillowstatic.com/fp/9355b0960202b9fa8e98be05d25fa4ec-p_e.jpg', 'https://photos.zillowstatic.com/fp/a518bae823da4370160ec225f8560780-p_e.jpg', 'https://photos.zillowstatic.com/fp/8a27e6649ef1e14d9dd42b7cc2c4531c-p_e.jpg', 'https://photos.zillowstatic.com/fp/ab133b15258a3015731da9fad87b3c59-p_e.jpg', 'https://photos.zillowstatic.com/fp/75ac0ab4a216d0724b9b34a00e59151b-p_e.jpg', 'https://photos.zillowstatic.com/fp/15f9acbb588c9a2f55ea68d81ae9ee6a-p_e.jpg', 'https://photos.zillowstatic.com/fp/ae074212fd13d4509f3dbb79a8bf655f-p_e.jpg', 'https://photos.zillowstatic.com/fp/eb3fdff11b765dbb98079f855fc5f8ed-p_e.jpg', 'https://photos.zillowstatic.com/fp/1f1279e711fa29921e8972393336aba0-p_e.jpg', 'https://photos.zillowstatic.com/fp/174285d7d58cb428b2259617e0cc0e18-p_e.jpg', 'https://photos.zillowstatic.com/fp/8a9347986138e341374b4b5a3f4362b7-p_e.jpg', 'https://photos.zillowstatic.com/fp/40373412b77a02472e846f7544944593-p_e.jpg', 'https://photos.zillowstatic.com/fp/37ee75b344dde5761bb75bcad9ea034b-p_e.jpg', 'https://photos.zillowstatic.com/fp/9f3e33505d1183e19da23dca67032d24-p_e.jpg', 'https://photos.zillowstatic.com/fp/35479a6c57bbcb6271ace9cfe16b3acf-p_e.jpg', 'https://photos.zillowstatic.com/fp/1e5e62714ae7f5b817153341ad0ca392-p_e.jpg', 'https://photos.zillowstatic.com/fp/7be67496417c5b5dcf246eafa4687246-p_e.jpg', 'https://photos.zillowstatic.com/fp/4c2eacec72c0c73a0ada3b9d92f56588-p_e.jpg', 'https://photos.zillowstatic.com/fp/f2342a8b39551176232a880f051d51cc-p_e.jpg', 'https://photos.zillowstatic.com/fp/8dc3c2097da67bacf69a15db46cc8351-p_e.jpg', 'https://photos.zillowstatic.com/fp/b628767e9fdba1f5c40a6b82e906bbb0-p_e.jpg', 'https://photos.zillowstatic.com/fp/7acfb7dcb41dd7a07075f414b7e05a8b-p_e.jpg', 'https://photos.zillowstatic.com/fp/834e9b3923586c5467f5fb786d5eac94-p_e.jpg', 'https://photos.zillowstatic.com/fp/166e5103be7eb77312157137e35d2658-p_e.jpg']",https://www.zillow.com/homedetails/245-McLevin-Ave-5-Toronto-ON-M1B-5K1/447525625_zpid/
2054512240,100 Dundalk Dr #403,Toronto,ON,M1P4V2,100 Dundalk Dr #403 Toronto ON M1P4V2,"C$385,000",2,1.0,,Condo for sale,CONDO,,,"['https://photos.zillowstatic.com/fp/dc8b67f97d34d3452c4f0cf1489b972c-p_e.jpg', 'https://photos.zillowstatic.com/fp/66595cbd2b77b3dc8844a19916031f97-p_e.jpg', 'https://photos.zillowstatic.com/fp/77636b2efaa55f2c525af4810153679b-p_e.jpg', 'https://photos.zillowstatic.com/fp/319d1ec9ff504a995bc67820bb167df2-p_e.jpg', 'https://photos.zillowstatic.com/fp/74c4e4af6daa3762100e55550fa5c777-p_e.jpg', 'https://photos.zillowstatic.com/fp/abd2e3302b03a4033a4909129d09beee-p_e.jpg', 'https://photos.zillowstatic.com/fp/70cd3f9c2c0805f0cf217e974fdf7c8e-p_e.jpg', 'https://photos.zillowstatic.com/fp/dce0e46ccc8599c20cb2e835b252bd4f-p_e.jpg', 'https://photos.zillowstatic.com/fp/fe2497f04cf078e5c9794c649b277f5c-p_e.jpg', 'https://photos.zillowstatic.com/fp/5913f88c801d8721a8caa3ed650d28be-p_e.jpg', 'https://photos.zillowstatic.com/fp/87c52e2023cb56543096d0517157150d-p_e.jpg']",https://www.zillow.com/homedetails/100-Dundalk-Dr-403-Toronto-ON-M1P-4V2/2054512240_zpid/
441747549,11 Livonia Pl #24,Toronto,ON,M1E4W5,11 Livonia Pl #24 Toronto ON M1E4W5,"C$599,000",4,3.0,1336,Townhouse for sale,TOWNHOUSE,"Sulosan Thangarajah, Salesperson",647-865-0742,"['https://photos.zillowstatic.com/fp/0c6963bb043aa49f5605eec31579765f-p_e.jpg', 'https://photos.zillowstatic.com/fp/a0796cc6b03d5d94ae310e3d9255a1f9-p_e.jpg']",https://www.zillow.com/homedetails/11-Livonia-Pl-24-Toronto-ON-M1E-4W5/441747549_zpid/
447139528,5580 Sheppard Ave E #605,Toronto,ON,M1B2L3,5580 Sheppard Ave E #605 Toronto ON M1B2L3,"C$410,000",2,1.0,,Condo for sale,CONDO,,,"['https://photos.zillowstatic.com/fp/e8c261d9e5a29c5b01dc15ddc1da3015-p_e.jpg', 'https://photos.zillowstatic.com/fp/a71ff9bf3d9ba0b70f8312ed6a31c3a3-p_e.jpg', 'https://photos.zillowstatic.com/fp/9aa54692a412e7ea4b090c8d1f5204e2-p_e.jpg', 'https://photos.zillowstatic.com/fp/e2065bde0728bb735ee70723373d792b-p_e.jpg', 'https://photos.zillowstatic.com/fp/92e6cf7322807eced7f34f92a7ab0a52-p_e.jpg', 'https://photos.zillowstatic.com/fp/83b031b8820f26069fa4ffeb0ee66b89-p_e.jpg', 'https://photos.zillowstatic.com/fp/47c46d7ed91e5ad1071a5b59f22493a3-p_e.jpg', 'https://photos.zillowstatic.com/fp/e20193e90d1ff9e57c8c917f235ceb62-p_e.jpg', 'https://photos.zillowstatic.com/fp/e207e776ed1fcbecddff759c918baeb9-p_e.jpg', 'https://photos.zillowstatic.com/fp/ff3620a5b7257e4246ab6d16f055a38e-p_e.jpg', 'https://photos.zillowstatic.com/fp/54a586cd827b41e58bb98c3210c1a20a-p_e.jpg', 'https://photos.zillowstatic.com/fp/0c90fe406aefe1030b5ec5be4d8658f1-p_e.jpg', 'https://photos.zillowstatic.com/fp/4b08904f2758e2e900efed33272df221-p_e.jpg', 'https://photos.zillowstatic.com/fp/db785da845a7a5fb4d6b545d9cd8e38e-p_e.jpg', 'https://photos.zillowstatic.com/fp/9c88fee38169e1ae656bf27d6e488442-p_e.jpg', 'https://photos.zillowstatic.com/fp/3347fe416129ed4a3817ac9a05cb8412-p_e.jpg', 'https://photos.zillowstatic.com/fp/35348f98ca141606f51d5d311a354a6e-p_e.jpg', 'https://photos.zillowstatic.com/fp/6a202bf8d85456d23eb3090fe9a07f82-p_e.jpg', 'https://photos.zillowstatic.com/fp/012f022915804aa59973a474f3a87e04-p_e.jpg', 'https://photos.zillowstatic.com/fp/229e2b65ff6a05aff08273b79035501b-p_e.jpg', 'https://photos.zillowstatic.com/fp/c27151e7e88454bce82a566f8afdd8e6-p_e.jpg', 'https://photos.zillowstatic.com/fp/329faff871a772c2d523fe064260c376-p_e.jpg', 'https://photos.zillowstatic.com/fp/8d8a01f5cb4f55ed778610ad7b9b1f79-p_e.jpg', 'https://photos.zillowstatic.com/fp/25d2313fea7704b7042ae4962e4b7ca8-p_e.jpg', 'https://photos.zillowstatic.com/fp/d0bf6ac2e8bbbcc4f435e231decc3b0e-p_e.jpg', 'https://photos.zillowstatic.com/fp/21fdf8950efc7c0ca6d2227d3a151670-p_e.jpg', 'https://photos.zillowstatic.com/fp/8ca3d46d4c8e30a6bf18e11a64bfa1f5-p_e.jpg', 'https://photos.zillowstatic.com/fp/34d11e790e687b312a620cab48d5c6ce-p_e.jpg', 'https://photos.zillowstatic.com/fp/52db0113fa50221bde0e2aef1221a379-p_e.jpg', 'https://photos.zillowstatic.com/fp/f07fc0133c37410b2d9f1c44ab86593e-p_e.jpg', 'https://photos.zillowstatic.com/fp/c0956c245199aecff1f5ef7eb8ae26d1-p_e.jpg', 'https://photos.zillowstatic.com/fp/3bd3f142bd6d49adfce944be0b921112-p_e.jpg']",https://www.zillow.com/homedetails/5580-Sheppard-Ave-E-605-Toronto-ON-M1B-2L3/447139528_zpid/
440847534,4673 Jane St #811,Toronto,ON,M3N2L1,4673 Jane St #811 Toronto ON M3N2L1,"C$240,000",1,1.0,,Condo for sale,CONDO,,,"['https://photos.zillowstatic.com/fp/e97095787e74850d2ca5b5f53ed2b709-p_e.jpg', 'https://photos.zillowstatic.com/fp/8f157c4ceb7069b05ace7870313f2fcc-p_e.jpg', 'https://photos.zillowstatic.com/fp/31c76abc2e01a7dd29562c0bef92a3c2-p_e.jpg', 'https://photos.zillowstatic.com/fp/71311b55b66eb0c78979d87be40377b7-p_e.jpg', 'https://photos.zillowstatic.com/fp/d889c09537843a3a0109921c3efa2454-p_e.jpg', 'https://photos.zillowstatic.com/fp/bbb6c054beb9bfaacf93b4ffb5e51fbd-p_e.jpg', 'https://photos.zillowstatic.com/fp/ec0282f9750f37e05f946f8034cc3b03-p_e.jpg', 'https://photos.zillowstatic.com/fp/f0593a808e0fcd637bf367df0a935257-p_e.jpg']",https://www.zillow.com/homedetails/4673-Jane-St-811-Toronto-ON-M3N-2L1/440847534_zpid/
447248803,77 Shuter St S #303,Toronto,ON,M5B0B8,77 Shuter St S #303 Toronto ON M5B0B8,"C$499,999",2,1.0,,Condo for sale,CONDO,,,"['https://photos.zillowstatic.com/fp/1c353aa0af5118ce41fcff851bc97814-p_e.jpg', 'https://photos.zillowstatic.com/fp/9a863b9644a2a785e06503bfd2f4dc24-p_e.jpg', 'https://photos.zillowstatic.com/fp/6863aa77619c40e8d77bb0a544ee2e42-p_e.jpg', 'https://photos.zillowstatic.com/fp/4cef0ef99d37bdd74d7f934d22ba0095-p_e.jpg', 'https://photos.zillowstatic.com/fp/413848f04da1f5b0ea939526aa81d5d9-p_e.jpg', 'https://photos.zillowstatic.com/fp/b47a072bede6279134efd4e65b25d789-p_e.jpg', 'https://photos.zillowstatic.com/fp/a9498339ded80ffbeedf64f70b8c2868-p_e.jpg', 'https://photos.zillowstatic.com/fp/1f629549dbba67e9b5b10cc0b12055d1-p_e.jpg', 'https://photos.zillowstatic.com/fp/40a550349816eba8227fee14bcc2e59f-p_e.jpg', 'https://photos.zillowstatic.com/fp/1f3e454881ea89651eeaf4427b4a16e2-p_e.jpg', 'https://photos.zillowstatic.com/fp/facfc592e12d36aba47f107244ea9107-p_e.jpg', 'https://photos.zillowstatic.com/fp/396eb5c7182ea7191c4e21b73df515cc-p_e.jpg', 'https://photos.zillowstatic.com/fp/0c8bede9443398906df3ccb2cd3d9c41-p_e.jpg', 'https://photos.zillowstatic.com/fp/ccff80cf22419dfa2712837be578367f-p_e.jpg', 'https://photos.zillowstatic.com/fp/7eb69257656630d3150e2a2b002982f3-p_e.jpg', 'https://photos.zillowstatic.com/fp/08335bcd1c7f5294ad152611750c46a1-p_e.jpg', 'https://photos.zillowstatic.com/fp/44a935b61e29455fba77390694f4d783-p_e.jpg', 'https://photos.zillowstatic.com/fp/1c97c289266622cca60ddd8c8d18cc8f-p_e.jpg', 'https://photos.zillowstatic.com/fp/78a36c0b61db287bbf66d97c942b800d-p_e.jpg', 'https://photos.zillowstatic.com/fp/e8ea9296a066ec53478c15cadd6a9227-p_e.jpg', 'https://photos.zillowstatic.com/fp/5fb6b651263b46061918295086ba3533-p_e.jpg', 'https://photos.zillowstatic.com/fp/3c053d274eea790c3d3ddf0eded2460d-p_e.jpg', 'https://photos.zillowstatic.com/fp/54876cc6a378a8a528fa615a3fcd7aac-p_e.jpg', 'https://photos.zillowstatic.com/fp/c84d3af7d546c84ff1184e6d1900c631-p_e.jpg', 'https://photos.zillowstatic.com/fp/f9ee1d1959db78f918c9cdbd937d327a-p_e.jpg']",https://www.zillow.com/homedetails/77-Shuter-St-S-303-Toronto-ON-M5B-0B8/447248803_zpid/
447164465,2470 Eglinton Ave W #1701,Toronto,ON,M6M5E7,2470 Eglinton Ave W #1701 Toronto ON M6M5E7,"C$498,000",3,2.0,,Condo for sale,CONDO,,,"['https://photos.zillowstatic.com/fp/d0b77c9b878f179324bfe842bd9c64e0-p_e.jpg', 'https://photos.zillowstatic.com/fp/7eac7544e90fd904feff817142317dac-p_e.jpg', 'https://photos.zillowstatic.com/fp/5530f3a4aa04da34f3b4521b993c1620-p_e.jpg', 'https://photos.zillowstatic.com/fp/754feb4e9b919160e80ddd52a53d4fdc-p_e.jpg', 'https://photos.zillowstatic.com/fp/a5459afe3fa53ec6a57c6c37bdc783a6-p_e.jpg', 'https://photos.zillowstatic.com/fp/bf86ae87a5ce6f259b2df02890ad58c8-p_e.jpg', 'https://photos.zillowstatic.com/fp/da4502863871e1c2471a500028f546a9-p_e.jpg', 'https://photos.zillowstatic.com/fp/5e2829ad24924238059a053ed0791287-p_e.jpg', 'https://photos.zillowstatic.com/fp/c4d5c86511953d3695dc0952e0b2ffbe-p_e.jpg', 'https://photos.zillowstatic.com/fp/9e2baecfaf3a9c0a04d37a791be6ccf2-p_e.jpg', 'https://photos.zillowstatic.com/fp/4d7948e0810097e5bf9fa2942cc8e271-p_e.jpg', 'https://photos.zillowstatic.com/fp/f66ee6c073118d40321cc4d49c33cc8d-p_e.jpg', 'https://photos.zillowstatic.com/fp/404b87c93c8290a0298d14e480d844d2-p_e.jpg', 'https://photos.zillowstatic.com/fp/f07b3233468b2fb46b1a220be0615e36-p_e.jpg', 'https://photos.zillowstatic.com/fp/9a4f732f7286800c40cf80fcf8842d3e-p_e.jpg', 'https://photos.zillowstatic.com/fp/af0f1f1826b75affdc112a75dad4ee06-p_e.jpg', 'https://photos.zillowstatic.com/fp/1d99cd726e44315fa4877275c8e476d6-p_e.jpg', 'https://photos.zillowstatic.com/fp/3541936de711936eec3878e2a024cab0-p_e.jpg', 'https://photos.zillowstatic.com/fp/0e9c5164aa0687f305b97e906de35d26-p_e.jpg', 'https://photos.zillowstatic.com/fp/2bfcdf8d94542136e3ac33e981d613b0-p_e.jpg', 'https://photos.zillowstatic.com/fp/e5cbeede88489b5a7e6be4eabd886aa5-p_e.jpg', 'https://photos.zillowstatic.com/fp/35300fe5bd823ca67f7fe3e40424589d-p_e.jpg', 'https://photos.zillowstatic.com/fp/bed83ff11bc2587875be7e6a69ca276d-p_e.jpg', 'https://photos.zillowstatic.com/fp/12471aac59ceec2df7d9e6333d0ec805-p_e.jpg', 'https://photos.zillowstatic.com/fp/435902f23be7493a341bb6b1869a3096-p_e.jpg']",https://www.zillow.com/homedetails/2470-Eglinton-Ave-W-1701-Toronto-ON-M6M-5E7/447164465_zpid/
445011191,100 Mornelle Ct UNIT 2026,Toronto,ON,M1E4X2,100 Mornelle Ct UNIT 2026 Toronto ON M1E4X2,"C$489,900",3,2.0,,Townhouse for sale,TOWNHOUSE,,,"['https://photos.zillowstatic.com/fp/a2ec4cb8603d2a34365aee961222e344-p_e.jpg', 'https://photos.zillowstatic.com/fp/9d34a904e3e75c55cebd88334ada5c71-p_e.jpg', 'https://photos.zillowstatic.com/fp/04aad7cd185c5b65a7c4cebbc60ff073-p_e.jpg', 'https://photos.zillowstatic.com/fp/e6cf6aa31f280cfe1deb6b135f1366a6-p_e.jpg', 'https://photos.zillowstatic.com/fp/a371ebe0b403be64776397dc9ff0d10e-p_e.jpg', 'https://photos.zillowstatic.com/fp/dc1dda244bc51c262c810a483555c5b1-p_e.jpg', 'https://photos.zillowstatic.com/fp/2e8112068dfa5cb39d88e413a5c37fbb-p_e.jpg', 'https://photos.zillowstatic.com/fp/e7b8607c6c8acf848eed136479ef85ec-p_e.jpg', 'https://photos.zillowstatic.com/fp/5a6c348128758c37060d3f4a7accffb6-p_e.jpg', 'https://photos.zillowstatic.com/fp/5435e0e244c642636dba4b1aa65d7e9e-p_e.jpg', 'https://photos.zillowstatic.com/fp/f8cfb8eab41d3ee43dea9321e0beef99-p_e.jpg', 'https://photos.zillowstatic.com/fp/2bcc7c5e1db0aefc0a2aacd61315f58c-p_e.jpg', 'https://photos.zillowstatic.com/fp/0e04ed9dcd033d52e2ad688e664a7487-p_e.jpg', 'https://photos.zillowstatic.com/fp/8edf3a662d6fc970467b605d6007759f-p_e.jpg']",https://www.zillow.com/homedetails/100-Mornelle-Ct-UNIT-2026-Toronto-ON-M1E-4X2/445011191_zpid/
402495001,120 Harrison Garden Blvd #109,Toronto,ON,M2N,120 Harrison Garden Blvd #109 Toronto ON M2N,"C$488,000",2,1.0,,Condo for sale,CONDO,,,"['https://photos.zillowstatic.com/fp/92ea0cde35f52047f2e73b38b031186d-p_e.jpg', 'https://photos.zillowstatic.com/fp/b2e260dcc5bc6b1fa85bcc82a410c120-p_e.jpg', 'https://photos.zillowstatic.com/fp/3455aaf0b9b361a1d19bba04c291ad54-p_e.jpg', 'https://photos.zillowstatic.com/fp/203daeb934e5a8377188e990a9c4989e-p_e.jpg', 'https://photos.zillowstatic.com/fp/ab07aec68dd8e7f7d75287bc52f1ec4d-p_e.jpg', 'https://photos.zillowstatic.com/fp/df4e30deea790eb2e71d90d668bec81a-p_e.jpg', 'https://photos.zillowstatic.com/fp/5fdec944d1cf4249a40e7bfb9680e59c-p_e.jpg', 'https://photos.zillowstatic.com/fp/b60bc589d383e7f7842e5fe2c948f433-p_e.jpg', 'https://photos.zillowstatic.com/fp/8d9b448c834a0e17fac1f9a77e69db05-p_e.jpg', 'https://photos.zillowstatic.com/fp/6feba77230bd20be8d3122963fd9f98e-p_e.jpg', 'https://photos.zillowstatic.com/fp/34fcc6f74bc878bfb591560da1598ab2-p_e.jpg', 'https://photos.zillowstatic.com/fp/f2d9fec0d310ff3fa79ec704fcfe77c6-p_e.jpg', 'https://photos.zillowstatic.com/fp/b89a808ed7b743a3523d8a51e7623624-p_e.jpg', 'https://photos.zillowstatic.com/fp/768f1cf3dbb1fb3605a666d5f0a41aea-p_e.jpg', 'https://photos.zillowstatic.com/fp/ce6a553ed41ab16bd66b499e66f6066b-p_e.jpg', 'https://photos.zillowstatic.com/fp/e47017eef1670d8c62142314210c2e30-p_e.jpg', 'https://photos.zillowstatic.com/fp/f39f5f230ee4ec892d16012b1fe4e81c-p_e.jpg', 'https://photos.zillowstatic.com/fp/6c5657c5089fa08f124549cab8786a78-p_e.jpg', 'https://photos.zillowstatic.com/fp/881ab2882238168110d9baa1b60728b6-p_e.jpg']",https://www.zillow.com/homedetails/120-Harrison-Garden-Blvd-109-Toronto-ON-M2N/402495001_zpid/
447323274,155 Downsview Park Blvd #208,Toronto,ON,M3K0E3,155 Downsview Park Blvd #208 Toronto ON M3K0E3,"C$599,000",2,3.0,,Townhouse for sale,TOWNHOUSE,,,"['https://photos.zillowstatic.com/fp/92e5d36a37a2d911f7c043345398121e-p_e.jpg', 'https://photos.zillowstatic.com/fp/1ca6863b68aec453823af4b27d3c579a-p_e.jpg', 'https://photos.zillowstatic.com/fp/2f29bbf9b14181b7c92dfa625279e744-p_e.jpg', 'https://photos.zillowstatic.com/fp/321c18ee72ad8fc5d9ceb0f6aa692bc1-p_e.jpg', 'https://photos.zillowstatic.com/fp/fc4084a0926e364297c11b858184ef69-p_e.jpg', 'https://photos.zillowstatic.com/fp/09edf7d91c4f4f4668fd0b5371816bd3-p_e.jpg', 'https://photos.zillowstatic.com/fp/04d7f0e58222991dd17240cab89dd1d4-p_e.jpg', 'https://photos.zillowstatic.com/fp/f355d5570e4b0acd0be63ba2bf1f3686-p_e.jpg', 'https://photos.zillowstatic.com/fp/d401c296bd213434ce02e88ea44b47b2-p_e.jpg', 'https://photos.zillowstatic.com/fp/f40e2429319d11d2932c25a7770b7ad9-p_e.jpg', 'https://photos.zillowstatic.com/fp/56a66483bf04c4038c64b3cecbbb6caa-p_e.jpg', 'https://photos.zillowstatic.com/fp/c6e84c876fb17addd4190ebefc24f9d0-p_e.jpg', 'https://photos.zillowstatic.com/fp/ed16b011b9d9244df0d3dacab8103492-p_e.jpg']",https://www.zillow.com/homedetails/155-Downsview-Park-Blvd-208-Toronto-ON-M3K-0E3/447323274_zpid/
2054519736,99 Foxbar Rd #801,Toronto,ON,M4V0B2,99 Foxbar Rd #801 Toronto ON M4V0B2,"C$599,800",2,1.0,,Condo for sale,CONDO,,,"['https://photos.zillowstatic.com/fp/246d63e0fa57a4677c5a794413ea82f4-p_e.jpg', 'https://photos.zillowstatic.com/fp/45799f987ac52efe14ffb6ce3ba9fcdc-p_e.jpg', 'https://photos.zillowstatic.com/fp/9de57b3a16839a110dc7ea23ac2cf6df-p_e.jpg', 'https://photos.zillowstatic.com/fp/51a0a03354d30728c7132b09bffd594e-p_e.jpg', 'https://photos.zillowstatic.com/fp/9eecf3d3fd2aefbac4898f315ab31d9d-p_e.jpg', 'https://photos.zillowstatic.com/fp/1291e0ad608e8103c954649c3ddeeabd-p_e.jpg', 'https://photos.zillowstatic.com/fp/ab25fe478940be5672847ce5101e1759-p_e.jpg', 'https://photos.zillowstatic.com/fp/8561ded24627ec0910e2f0acb85a3a1b-p_e.jpg', 'https://photos.zillowstatic.com/fp/58ac1b08dfafb8a587c9e5f70ff9b375-p_e.jpg', 'https://photos.zillowstatic.com/fp/ec7a46ac1923b516313a80bdff9217ec-p_e.jpg', 'https://photos.zillowstatic.com/fp/92a9badd8193cb745d27809fae82e425-p_e.jpg', 'https://photos.zillowstatic.com/fp/5f2ee715ce945d6351b7bc471428b1ad-p_e.jpg', 'https://photos.zillowstatic.com/fp/aceffbde67d1337fac413d4a3e0bddc6-p_e.jpg', 'https://photos.zillowstatic.com/fp/48775e917fbf909e825543a23f9124ff-p_e.jpg', 'https://photos.zillowstatic.com/fp/29684dde3b3ba9bc56bbd7ab73d08c9e-p_e.jpg', 'https://photos.zillowstatic.com/fp/d6c6529d6b1457344abec05e157d2e17-p_e.jpg', 'https://photos.zillowstatic.com/fp/5f36715f6de015e5879e4df98b58e6c6-p_e.jpg', 'https://photos.zillowstatic.com/fp/5a97a996fff00623f4900ffa53c93c72-p_e.jpg', 'https://photos.zillowstatic.com/fp/1d541ccf439ad30417b46377b32f091f-p_e.jpg', 'https://photos.zillowstatic.com/fp/cc3cf8b74f3ed1eb6505b4c33c7ec633-p_e.jpg', 'https://photos.zillowstatic.com/fp/d57fff4c3436e2c3c34f2d6ebde36841-p_e.jpg', 'https://photos.zillowstatic.com/fp/9f4cb583d6c8ab9f5e9ef940168e0ca2-p_e.jpg', 'https://photos.zillowstatic.com/fp/e748a2bf5afc9885e62ebdc8d4a2823b-p_e.jpg', 'https://photos.zillowstatic.com/fp/221502e6f64eecbdc2f72959a8a862b5-p_e.jpg', 'https://photos.zillowstatic.com/fp/1beb4b2efc31fceccc96cb927e25472a-p_e.jpg', 'https://photos.zillowstatic.com/fp/4e7fde6429fd336a376d3729858f74d8-p_e.jpg', 'https://photos.zillowstatic.com/fp/a4be2a7bc7a5c5f1aa8cbcf0c7f6b13a-p_e.jpg']",https://www.zillow.com/homedetails/99-Foxbar-Rd-801-Toronto-ON-M4V-0B2/2054519736_zpid/
2071568814,197 Yonge St #2612,Toronto,ON,M5B0C1,197 Yonge St #2612 Toronto ON M5B0C1,"C$399,900",0,1.0,,Condo for sale,CONDO,,,"['https://photos.zillowstatic.com/fp/d11a85a1fa249b86282e4a8a172ae7b1-p_e.jpg', 'https://photos.zillowstatic.com/fp/8776d9f9ff1bc2cf556c2adbc359ddf5-p_e.jpg', 'https://photos.zillowstatic.com/fp/748b718813c0045793dabe83471ed21e-p_e.jpg', 'https://photos.zillowstatic.com/fp/c44f1e6cb5e3d53fb6c9580758d3be03-p_e.jpg', 'https://photos.zillowstatic.com/fp/3e8c02e7877ff99db19993f7d1a92f3e-p_e.jpg', 'https://photos.zillowstatic.com/fp/6fbfd302152bc4ffa115ace7f4e416b5-p_e.jpg', 'https://photos.zillowstatic.com/fp/65ad4895620a5a96e40a6e4286e5d071-p_e.jpg', 'https://photos.zillowstatic.com/fp/1672e421b62933ad1d9e43d734fadeda-p_e.jpg', 'https://photos.zillowstatic.com/fp/db6d5e94cc7d08955652c4c91597b04a-p_e.jpg', 'https://photos.zillowstatic.com/fp/abdccd151ee93f4ae39cccef5647c9af-p_e.jpg', 'https://photos.zillowstatic.com/fp/4c6ca330b89d95d300085d2948fdbd2a-p_e.jpg', 'https://photos.zillowstatic.com/fp/018a5800c164da2712cc7f54d9d4845b-p_e.jpg', 'https://photos.zillowstatic.com/fp/853e14f0995275a05ba3cc136fea17dd-p_e.jpg', 'https://photos.zillowstatic.com/fp/586c443a7987266da2d32afd5629c76d-p_e.jpg', 'https://photos.zillowstatic.com/fp/8ba910b9681011020d23065cc8b69b5a-p_e.jpg', 'https://photos.zillowstatic.com/fp/427ed8659b22f7ca28b7f2362a3e841a-p_e.jpg', 'https://photos.zillowstatic.com/fp/1bb58f627ef259008046a0987be98ca0-p_e.jpg', 'https://photos.zillowstatic.com/fp/85d783187f9c532d772b1a6392ce62f8-p_e.jpg', 'https://photos.zillowstatic.com/fp/ab38313fe9d7326d1663373962041cce-p_e.jpg', 'https://photos.zillowstatic.com/fp/a71f8fa6568246a68652c07b7f44a678-p_e.jpg', 'https://photos.zillowstatic.com/fp/ae1a872a13ca3a3a32b55a2d526ce7f3-p_e.jpg', 'https://photos.zillowstatic.com/fp/824b52976fc5778808cdc867160158fe-p_e.jpg', 'https://photos.zillowstatic.com/fp/b5f3834c52bd502d7e515da6a6222dbf-p_e.jpg', 'https://photos.zillowstatic.com/fp/a6468481784347ce77e8583eed17cc86-p_e.jpg', 'https://photos.zillowstatic.com/fp/5d1f5cc54b859f92ceb41320982d4129-p_e.jpg', 'https://photos.zillowstatic.com/fp/6538acbc3d2d874052cb189ee1ec6c99-p_e.jpg']",https://www.zillow.com/homedetails/197-Yonge-St-2612-Toronto-ON-M5B-0C1/2071568814_zpid/
2053128417,2001 Bonnymede Dr #140,Mississauga,ON,L5J4H8,2001 Bonnymede Dr #140 Mississauga ON L5J4H8,"C$559,000",3,1.0,1100,Condo for sale,CONDO,"Kelly Goss, Salesperson",905-664-5000,"['https://photos.zillowstatic.com/fp/440395fa907e3045136f82b4291bbbf3-p_e.jpg', 'https://photos.zillowstatic.com/fp/613593a5bb0725f40f9d99ba0239636e-p_e.jpg', 'https://photos.zillowstatic.com/fp/d8180a3bbcd5c655c49bb49490092e95-p_e.jpg', 'https://photos.zillowstatic.com/fp/b8ffbe2aab5800d029cca033bcab1338-p_e.jpg', 'https://photos.zillowstatic.com/fp/efad6c8ca93362c87062c2021ed02b4c-p_e.jpg', 'https://photos.zillowstatic.com/fp/4c76026fce2cb2baa624287231ec692c-p_e.jpg']",https://www.zillow.com/homedetails/2001-Bonnymede-Dr-140-Mississauga-ON-L5J-4H8/2053128417_zpid/
2060172547,32 Lewis St,Toronto,ON,M4M2H3,32 Lewis St Toronto ON M4M2H3,"C$979,000",3,2.0,,Townhouse for sale,TOWNHOUSE,,,"['https://photos.zillowstatic.com/fp/28b96c3b120861e81e6b7093f76dabaa-p_e.jpg', 'https://photos.zillowstatic.com/fp/35deeeec04e18b56dc50aaa154d58ab9-p_e.jpg', 'https://photos.zillowstatic.com/fp/5b77615e98d2c5e369faa2e962ed9645-p_e.jpg', 'https://photos.zillowstatic.com/fp/b1341959087e4e0fd7d54c41cebd1287-p_e.jpg', 'https://photos.zillowstatic.com/fp/a9307e72a3ee08add4d66360815b9f6a-p_e.jpg', 'https://photos.zillowstatic.com/fp/bf22f1273dc1d48e2e4c617fa56e49b1-p_e.jpg', 'https://photos.zillowstatic.com/fp/2ca1a8c4b01d1b0d19da2da0b0c92816-p_e.jpg', 'https://photos.zillowstatic.com/fp/997e34aa788638b2dd572790df48f7ea-p_e.jpg', 'https://photos.zillowstatic.com/fp/4a269ecc703a93b3cbda4c17366d8576-p_e.jpg', 'https://photos.zillowstatic.com/fp/0ff72bb6e85397279f35bda3b39432e8-p_e.jpg', 'https://photos.zillowstatic.com/fp/4bf61059db9e2a80a9ed7e838e5917a8-p_e.jpg', 'https://photos.zillowstatic.com/fp/25f7e9da2dc35cb8a40f4df9c08be3a3-p_e.jpg', 'https://photos.zillowstatic.com/fp/2494b3cf71ee698e285b74626b3c8673-p_e.jpg', 'https://photos.zillowstatic.com/fp/1e834b527cf7c9ec1c756c24bb5eb2c7-p_e.jpg', 'https://photos.zillowstatic.com/fp/19fdb11fae3bf0f4ce377bc9fb843f18-p_e.jpg', 'https://photos.zillowstatic.com/fp/7a2743245603021afa44168f1d79e2bd-p_e.jpg', 'https://photos.zillowstatic.com/fp/48d83349d9a9f92de96ac9592f842128-p_e.jpg', 'https://photos.zillowstatic.com/fp/01d14fbf2347a717697580784701bfeb-p_e.jpg', 'https://photos.zillowstatic.com/fp/368354870718969b32faf85c83bd462b-p_e.jpg', 'https://photos.zillowstatic.com/fp/65bf16c5169e95f248ae3acd7afb2849-p_e.jpg', 'https://photos.zillowstatic.com/fp/f128dba46ff4fa43cc29d69a23d25d09-p_e.jpg', 'https://photos.zillowstatic.com/fp/1b4a6925a4895a3c0dc352e30aeb947c-p_e.jpg', 'https://photos.zillowstatic.com/fp/33d86115cb2b571c703da1c84bb131cf-p_e.jpg', 'https://photos.zillowstatic.com/fp/0f3bb45c65c1fe5e26bce503141093f7-p_e.jpg', 'https://photos.zillowstatic.com/fp/d25c244768b560b2a3ee8a2e381918b9-p_e.jpg', 'https://photos.zillowstatic.com/fp/d94dbaaa7fa3ddb1a255bb88b07d7c4a-p_e.jpg', 'https://photos.zillowstatic.com/fp/025b41fbfa7c3e026b5ad54e3b44812a-p_e.jpg', 'https://photos.zillowstatic.com/fp/d1d47d5b143bef4c11826bd3ae0cac95-p_e.jpg', 'https://photos.zillowstatic.com/fp/310b6894c146f2e68c20c295bf7991fb-p_e.jpg', 'https://photos.zillowstatic.com/fp/fe5bc8f703323dea67036aab1319a4c9-p_e.jpg', 'https://photos.zillowstatic.com/fp/417daadb1a193961d233150dc3ac00d8-p_e.jpg', 'https://photos.zillowstatic.com/fp/3bebd512bd1018ecd79dedf1ac836758-p_e.jpg', 'https://photos.zillowstatic.com/fp/e994ce88f0edb2395a0447669cf321aa-p_e.jpg', 'https://photos.zillowstatic.com/fp/a6edbf34e9703dfb846052751e2d491b-p_e.jpg', 'https://photos.zillowstatic.com/fp/9b9b51fce9d6c75a0f22761c0f714b88-p_e.jpg', 'https://photos.zillowstatic.com/fp/b7075dd33d0e1f8b0410720cf7a148a0-p_e.jpg', 'https://photos.zillowstatic.com/fp/770c9176d3c73761b20174c82f46a1ea-p_e.jpg', 'https://photos.zillowstatic.com/fp/2794d63f565ee5aa9037cbd8c7b9b0ff-p_e.jpg', 'https://photos.zillowstatic.com/fp/b679a8f32566c06e3f90213b8e8d4f2c-p_e.jpg', 'https://photos.zillowstatic.com/fp/349b4520d64c9fe98da0cd83a99fe928-p_e.jpg']",https://www.zillow.com/homedetails/32-Lewis-St-Toronto-ON-M4M-2H3/2060172547_zpid/
447518650,388D Manning Ave,Toronto,ON,M6G2V7,388D Manning Ave Toronto ON M6G2V7,"C$839,000",2,2.0,,Townhouse for sale,TOWNHOUSE,,,"['https://photos.zillowstatic.com/fp/10fb0aa7339d527dc5fd536da97d2209-p_e.jpg', 'https://photos.zillowstatic.com/fp/5ddac3e02e2a70aa35b037de15300ede-p_e.jpg', 'https://photos.zillowstatic.com/fp/89e57502e45a65ec2206c323ba4c88a2-p_e.jpg', 'https://photos.zillowstatic.com/fp/4ce3d261831967a0732fe10cdc4b479d-p_e.jpg', 'https://photos.zillowstatic.com/fp/b7a3ea95a43ce6ea4e0e880b4f395d50-p_e.jpg', 'https://photos.zillowstatic.com/fp/f32c5c03209e8d8f3409d44934a48bd5-p_e.jpg', 'https://photos.zillowstatic.com/fp/b8defa554c55646c9e6fffe5672e650a-p_e.jpg', 'https://photos.zillowstatic.com/fp/5d556c6fd2473be7d5805ca9565e3842-p_e.jpg', 'https://photos.zillowstatic.com/fp/749bda7707c02d8ab3ce7ee65cd02cd1-p_e.jpg', 'https://photos.zillowstatic.com/fp/3dcd28d94c1998e7b313d6f1a4f5a322-p_e.jpg', 'https://photos.zillowstatic.com/fp/aecddc373c20e0059b69e94f0d1bafa9-p_e.jpg', 'https://photos.zillowstatic.com/fp/74dd9152ac8ace5f512c1729825d717c-p_e.jpg', 'https://photos.zillowstatic.com/fp/6d434cb7c2f9d3610cf2ff1a66ffe0b7-p_e.jpg', 'https://photos.zillowstatic.com/fp/e6f74ccd28acea2a458b764a082713a0-p_e.jpg', 'https://photos.zillowstatic.com/fp/ba4947fa66829756ab1de80a579c3e24-p_e.jpg', 'https://photos.zillowstatic.com/fp/1cf3b0b11fa56211d4eaab0ae10fc61b-p_e.jpg', 'https://photos.zillowstatic.com/fp/bc3d00e67954173c4bf399498ba59dea-p_e.jpg', 'https://photos.zillowstatic.com/fp/4a7099681669876c0f0511249c16d763-p_e.jpg', 'https://photos.zillowstatic.com/fp/70122e3507b9735d4627f54486fcf990-p_e.jpg', 'https://photos.zillowstatic.com/fp/c14e4c322769c40b3a243c6006219ac9-p_e.jpg', 'https://photos.zillowstatic.com/fp/63a6d34c09e2b12a439420aae08a2828-p_e.jpg', 'https://photos.zillowstatic.com/fp/25092eb795b24b1e680f473eb31f2f49-p_e.jpg', 'https://photos.zillowstatic.com/fp/3c173a0534b484d8d36bda6c7c2b5526-p_e.jpg', 'https://photos.zillowstatic.com/fp/22392510ac88d4b37f07d433a8bc35ee-p_e.jpg', 'https://photos.zillowstatic.com/fp/9ee8f384a0477f5c2373ad0fd3ce337e-p_e.jpg', 'https://photos.zillowstatic.com/fp/a4e3fdc5fbb3c9ac6f38c3f78c07a73b-p_e.jpg', 'https://photos.zillowstatic.com/fp/02f75237f7d184d4b0ca053b20026b08-p_e.jpg', 'https://photos.zillowstatic.com/fp/f8a473c02d5358903d45b42a787de2cd-p_e.jpg']",https://www.zillow.com/homedetails/388D-Manning-Ave-Toronto-ON-M6G-2V7/447518650_zpid/
443087496,1000 Cedarglen Gate #504,Mississauga,ON,L5C3Z5,1000 Cedarglen Gate #504 Mississauga ON L5C3Z5,"C$465,000",2,1.0,,Townhouse for sale,TOWNHOUSE,,,"['https://photos.zillowstatic.com/fp/6ac931c42d9cefbced0bfd4cdf149b20-p_e.jpg', 'https://photos.zillowstatic.com/fp/795f7e5d877ae07d7b5fb753e682ba6c-p_e.jpg', 'https://photos.zillowstatic.com/fp/7b0e4d4ff8fd54d7eeffc78011996c7b-p_e.jpg', 'https://photos.zillowstatic.com/fp/e85618261f2415ab6cea3f483577ca1b-p_e.jpg', 'https://photos.zillowstatic.com/fp/f506e87caab0e100c924685c3321a68c-p_e.jpg', 'https://photos.zillowstatic.com/fp/51e2044ca22e1525c5372d8618c3f6e2-p_e.jpg', 'https://photos.zillowstatic.com/fp/413a2f7157bde8bfda6f8b7ac0d12cf4-p_e.jpg', 'https://photos.zillowstatic.com/fp/3156a618b3e8365bb167505f12c0a1cf-p_e.jpg', 'https://photos.zillowstatic.com/fp/c62f22079b80184a34830f23c5807c5b-p_e.jpg', 'https://photos.zillowstatic.com/fp/f88c1a9df6adcd3b1b8511378a161922-p_e.jpg', 'https://photos.zillowstatic.com/fp/87937ea6eb5498e4e34127697bcbf6f4-p_e.jpg', 'https://photos.zillowstatic.com/fp/ed11170ca31664e138ffe1822958b3d5-p_e.jpg', 'https://photos.zillowstatic.com/fp/d9061b24e788bde713b91210703050b0-p_e.jpg', 'https://photos.zillowstatic.com/fp/d0563a4f5bf4ed229c2811cdc28b335d-p_e.jpg', 'https://photos.zillowstatic.com/fp/729f70222883ffac20f36b7eb9d032ae-p_e.jpg', 'https://photos.zillowstatic.com/fp/c30e137217343718be432dab73cc1121-p_e.jpg', 'https://photos.zillowstatic.com/fp/9d9bc9f70d45a0ca0ec98eb9755b14f2-p_e.jpg', 'https://photos.zillowstatic.com/fp/6102bc0e8d2e7a5ed8e1911336770128-p_e.jpg', 'https://photos.zillowstatic.com/fp/dfdc770c94bf5d3c134a2dbc8afc5c73-p_e.jpg', 'https://photos.zillowstatic.com/fp/944a58763da021776a53139c0cc4d184-p_e.jpg', 'https://photos.zillowstatic.com/fp/b71a33769b8e6f1204928638722d63bf-p_e.jpg', 'https://photos.zillowstatic.com/fp/1d088fc68f7922d3a034b6a2e28823fb-p_e.jpg', 'https://photos.zillowstatic.com/fp/e4994cc28ef294e15ec89c4dc6b0382b-p_e.jpg', 'https://photos.zillowstatic.com/fp/6164f952d11db7c7c4fb08d8d898dbb9-p_e.jpg', 'https://photos.zillowstatic.com/fp/42bb8e0cad4c73d65587d830e79a0cb0-p_e.jpg', 'https://photos.zillowstatic.com/fp/d2cc33fd8cd35529706f7d979413ecb2-p_e.jpg', 'https://photos.zillowstatic.com/fp/6eeb9a8d7441fdb4b9e64e14b2ab7286-p_e.jpg', 'https://photos.zillowstatic.com/fp/9efb276f569c16175b50c18b96df4302-p_e.jpg', 'https://photos.zillowstatic.com/fp/022ca80ba7d62bf96b932f03e65b0593-p_e.jpg', 'https://photos.zillowstatic.com/fp/cc9bafd08f7c75596f69c32176c8b8dc-p_e.jpg', 'https://photos.zillowstatic.com/fp/f1b10eed25880f3602799c82f4d273e5-p_e.jpg', 'https://photos.zillowstatic.com/fp/139d092a381d05d6a5998643db872036-p_e.jpg', 'https://photos.zillowstatic.com/fp/65d653c6c6fa2aa9b8d25f379361776d-p_e.jpg', 'https://photos.zillowstatic.com/fp/c20081a2108d060f3c5e5fc99c32fb88-p_e.jpg', 'https://photos.zillowstatic.com/fp/716118d3d9285489ef50dcd3f344093d-p_e.jpg', 'https://photos.zillowstatic.com/fp/2d8acedc500dd1bd76fc3d8d7b4a320a-p_e.jpg', 'https://photos.zillowstatic.com/fp/82daa097bc0b5055e590f3021fa7134c-p_e.jpg', 'https://photos.zillowstatic.com/fp/49c66545c2166069bd1f161dc8a36db6-p_e.jpg', 'https://photos.zillowstatic.com/fp/acc825baa81324f4d4ab6af8bb2fabde-p_e.jpg']",https://www.zillow.com/homedetails/1000-Cedarglen-Gate-504-Mississauga-ON-L5C-3Z5/443087496_zpid/
445751041,2323 Confederation Pkwy S #1207,Mississauga,ON,L5B1R6,2323 Confederation Pkwy S #1207 Mississauga ON L5B1R6,"C$469,000",4,2.0,,Condo for sale,CONDO,,,"['https://photos.zillowstatic.com/fp/30ed53bc01dbbdac563c0125d22e8bc6-p_e.jpg', 'https://photos.zillowstatic.com/fp/fa2bbe356c631c9db34872c81c54a5f2-p_e.jpg', 'https://photos.zillowstatic.com/fp/47fd327b7e526575e49c8805993166cd-p_e.jpg', 'https://photos.zillowstatic.com/fp/198cd7c1e0d3e6323d569f9d55ea42ea-p_e.jpg', 'https://photos.zillowstatic.com/fp/ce138785b86d8a6cba8073c4f9c55cc7-p_e.jpg', 'https://photos.zillowstatic.com/fp/7880e0642a58af7e17025dd429775b2f-p_e.jpg', 'https://photos.zillowstatic.com/fp/fa06ee29d6a716070b9e937245458dd7-p_e.jpg', 'https://photos.zillowstatic.com/fp/831b6a4c96c7e15a34c314faa205aeec-p_e.jpg', 'https://photos.zillowstatic.com/fp/86ef315b6ed5ca910d3a9353ce431165-p_e.jpg', 'https://photos.zillowstatic.com/fp/4d246f4eef131441f1a3fcdd4f0d6947-p_e.jpg', 'https://photos.zillowstatic.com/fp/78a1b5ee4aefbc5bba618509d56b818b-p_e.jpg', 'https://photos.zillowstatic.com/fp/414cde4de68fe2c40b99b4854e8c8b0d-p_e.jpg', 'https://photos.zillowstatic.com/fp/c1edde619db9b16c9d98fe03300faed0-p_e.jpg', 'https://photos.zillowstatic.com/fp/4ad8aa73a105afd84c62737625f34b37-p_e.jpg', 'https://photos.zillowstatic.com/fp/0ba63a5508bdb7fd972ffd375e04c52b-p_e.jpg', 'https://photos.zillowstatic.com/fp/273a9f5d764a720c3f6907f653566355-p_e.jpg', 'https://photos.zillowstatic.com/fp/bf7a1b8d6e5a3c29e934b83c69f58cf0-p_e.jpg', 'https://photos.zillowstatic.com/fp/9ed9b477a12c6722f955d9e0a9a9bc20-p_e.jpg', 'https://photos.zillowstatic.com/fp/86a808b4787c318c919fb8adb555568b-p_e.jpg', 'https://photos.zillowstatic.com/fp/303d93ad6df2ea8bb03a387a2d6db461-p_e.jpg', 'https://photos.zillowstatic.com/fp/71af2872417f000cc03dff29f8463242-p_e.jpg', 'https://photos.zillowstatic.com/fp/ae9c26f62bc5d7a6cf515a8645e8228d-p_e.jpg', 'https://photos.zillowstatic.com/fp/f60db921ed583c3baaec7c90d06254c5-p_e.jpg', 'https://photos.zillowstatic.com/fp/d73fe19b79e625a3517e40b3f90107c4-p_e.jpg', 'https://photos.zillowstatic.com/fp/c5b90f2934c980bda49991f7a03ae805-p_e.jpg', 'https://photos.zillowstatic.com/fp/197cb31a9c49107ef8024c51dc8c56f2-p_e.jpg']",https://www.zillow.com/homedetails/2323-Confederation-Pkwy-S-1207-Mississauga-ON-L5B-1R6/445751041_zpid/
447443806,2485 Harman Ct,Mississauga,ON,L5J1T9,2485 Harman Ct Mississauga ON L5J1T9,"C$899,999",5,2.0,,House for sale,SINGLE_FAMILY,,,[],https://www.zillow.com/homedetails/2485-Harman-Ct-Mississauga-ON-L5J-1T9/447443806_zpid/
447518629,15 Silver Birch Ave,Toronto,ON,M4E3K8,15 Silver Birch Ave Toronto ON M4E3K8,"C$2,099,999",4,2.0,,House for sale,SINGLE_FAMILY,,,"['https://photos.zillowstatic.com/fp/14a3680218dc55f27f0494eaacc1a6ed-p_e.jpg', 'https://photos.zillowstatic.com/fp/bc38b28deef6dc68216f6876d7c0a987-p_e.jpg', 'https://photos.zillowstatic.com/fp/d44f09b3dc3695c3007f9ae6d3ed9080-p_e.jpg', 'https://photos.zillowstatic.com/fp/5ae9590277a8b427b48fc21f72e5866e-p_e.jpg', 'https://photos.zillowstatic.com/fp/a04c842ae0c7512b419957ac7803e032-p_e.jpg', 'https://photos.zillowstatic.com/fp/a9827201d36a10c14bce7d10f5a4d121-p_e.jpg', 'https://photos.zillowstatic.com/fp/07009daa38620b3601ea6f656fe1d566-p_e.jpg', 'https://photos.zillowstatic.com/fp/d2daad31bbb13015211519ea60b2e650-p_e.jpg', 'https://photos.zillowstatic.com/fp/54a65766579e05f09fe763627203b48c-p_e.jpg', 'https://photos.zillowstatic.com/fp/10453698b304e9d1a29ee5d516977c9a-p_e.jpg', 'https://photos.zillowstatic.com/fp/73c1579079a8a3633a76072805632132-p_e.jpg', 'https://photos.zillowstatic.com/fp/0d3ee0d6996a2690f5cc0355ef20b88f-p_e.jpg', 'https://photos.zillowstatic.com/fp/63fe33d6f4a2d9dd8a5937f383dff557-p_e.jpg', 'https://photos.zillowstatic.com/fp/6a5c3d72bb5ee53626f988ef6bc097df-p_e.jpg', 'https://photos.zillowstatic.com/fp/13902ddbf8c3f00218c91c9e9ff4ccb0-p_e.jpg', 'https://photos.zillowstatic.com/fp/a08508f16f427f57ca6df7202ec2f028-p_e.jpg', 'https://photos.zillowstatic.com/fp/99636a3b47a47bc6eab06429254bc8a8-p_e.jpg', 'https://photos.zillowstatic.com/fp/6d2b11704f93b69aef6e954b2ded2f77-p_e.jpg', 'https://photos.zillowstatic.com/fp/0194b22977a4be9358f75172d6d781ee-p_e.jpg', 'https://photos.zillowstatic.com/fp/ad0f2910aa724f0909b58815d64c522d-p_e.jpg', 'https://photos.zillowstatic.com/fp/5fd2e0fa940e60c653348eee83207e78-p_e.jpg', 'https://photos.zillowstatic.com/fp/ca920f6c0407adb2fadd22ebd31358c9-p_e.jpg', 'https://photos.zillowstatic.com/fp/dfffe5da424f675426e3d6b891605ae0-p_e.jpg', 'https://photos.zillowstatic.com/fp/f65ab14129a83afded2c3580956b4980-p_e.jpg', 'https://photos.zillowstatic.com/fp/1f242a2522630b5b2b6993157fdade55-p_e.jpg', 'https://photos.zillowstatic.com/fp/44726aaa414baaaefbf536a98edacffd-p_e.jpg', 'https://photos.zillowstatic.com/fp/a9bb8ff75ee2442434edc4023c90ebc5-p_e.jpg', 'https://photos.zillowstatic.com/fp/b0acbb612147bf2315bae36516e7c0f1-p_e.jpg', 'https://photos.zillowstatic.com/fp/1562bdcfe1b496f40c879002148af581-p_e.jpg', 'https://photos.zillowstatic.com/fp/fa809238d8f8a62ece19c953e4b3d3fb-p_e.jpg', 'https://photos.zillowstatic.com/fp/583d1a2c48a80a166321253d6b790181-p_e.jpg', 'https://photos.zillowstatic.com/fp/035620a6843bfabbfc49f6b61e473a84-p_e.jpg', 'https://photos.zillowstatic.com/fp/6edcce8b7a020c0e05c6f9b81e185dd6-p_e.jpg', 'https://photos.zillowstatic.com/fp/e287090137ef638d10d62c6c2b7be077-p_e.jpg', 'https://photos.zillowstatic.com/fp/8f4e4a60548f79a3cd3e0928e0eb9208-p_e.jpg', 'https://photos.zillowstatic.com/fp/37a469b2d8995222ec887a4450ce0bfb-p_e.jpg', 'https://photos.zillowstatic.com/fp/97a62b30fc05f5cb81feacaaf165f300-p_e.jpg', 'https://photos.zillowstatic.com/fp/302b0d44f64fe05353340f2c2cfbfbbf-p_e.jpg', 'https://photos.zillowstatic.com/fp/9a8e93f794424933243c7b82ed644f1b-p_e.jpg', 'https://photos.zillowstatic.com/fp/0136da6b0ea14038b90fb14b1dc87712-p_e.jpg']",https://www.zillow.com/homedetails/15-Silver-Birch-Ave-Toronto-ON-M4E-3K8/447518629_zpid/
2065472398,58 Blackthorn Ln,Brampton,ON,L6V3K8,58 Blackthorn Ln Brampton ON L6V3K8,"C$999,999",7,3.0,,House for sale,SINGLE_FAMILY,,,['https://photos.zillowstatic.com/fp/16a551a8c9aa7e0d87f124736d0647bc-p_e.jpg'],https://www.zillow.com/homedetails/58-Blackthorn-Ln-Brampton-ON-L6V-3K8/2065472398_zpid/
440867985,100 County Court Blvd #802,Brampton,ON,L6W3X1,100 County Court Blvd #802 Brampton ON L6W3X1,"C$485,000",3,2.0,,Condo for sale,CONDO,,,"['https://photos.zillowstatic.com/fp/e4d214fdb93594303f42dfe0c3126427-p_e.jpg', 'https://photos.zillowstatic.com/fp/6c3009fc0062159f7b00c540de1da4cf-p_e.jpg', 'https://photos.zillowstatic.com/fp/da2ded3fd8a6ce8f1fdcd24f59e546dc-p_e.jpg', 'https://photos.zillowstatic.com/fp/b12dc6392e9eb9c91e4bef90b57e3532-p_e.jpg', 'https://photos.zillowstatic.com/fp/7982b916e52567ed6ce623eccf534abb-p_e.jpg', 'https://photos.zillowstatic.com/fp/06a803145f6f159e9479d3edd6644728-p_e.jpg', 'https://photos.zillowstatic.com/fp/151ea5b57d36db535c5cac570da36f8b-p_e.jpg', 'https://photos.zillowstatic.com/fp/2e912487fb410f318c04061feec38fc3-p_e.jpg', 'https://photos.zillowstatic.com/fp/f0eeb71fa8da3ce8a55ae832e241ca32-p_e.jpg', 'https://photos.zillowstatic.com/fp/b0786b22b7cf4109816618a44893c3cd-p_e.jpg', 'https://photos.zillowstatic.com/fp/c214f5c9dd7415abed52b370000e3932-p_e.jpg', 'https://photos.zillowstatic.com/fp/26e15d682e76d36acf962acdc6082d05-p_e.jpg', 'https://photos.zillowstatic.com/fp/3816e181dd08fe15023d8f642a0563e0-p_e.jpg', 'https://photos.zillowstatic.com/fp/880264000e70265a9ec6c8f6e43ea885-p_e.jpg', 'https://photos.zillowstatic.com/fp/25fd4b488b8676ae1050bdf846d3bb15-p_e.jpg', 'https://photos.zillowstatic.com/fp/4926bff05725c3195d422dc60cb0ae4c-p_e.jpg', 'https://photos.zillowstatic.com/fp/f9d6283ef2bf8f42d03010f9077ba7d7-p_e.jpg', 'https://photos.zillowstatic.com/fp/c220c567dbd5e4e17eeb196957163742-p_e.jpg', 'https://photos.zillowstatic.com/fp/42476699e04c117b20bf0fe1545f2c08-p_e.jpg', 'https://photos.zillowstatic.com/fp/1eb713b80f87da85bc202ee33072632b-p_e.jpg', 'https://photos.zillowstatic.com/fp/76185c997ac12291cfd2778017813abd-p_e.jpg', 'https://photos.zillowstatic.com/fp/7beb6a325d252aebd898c3e598e755b3-p_e.jpg', 'https://photos.zillowstatic.com/fp/61a7cfd3b83eeb4348c887204b2076df-p_e.jpg', 'https://photos.zillowstatic.com/fp/3fab3214b60fb9a9df4b9b7ff0c90c3e-p_e.jpg', 'https://photos.zillowstatic.com/fp/3b6624aad477775ef986af35d4663ae6-p_e.jpg', 'https://photos.zillowstatic.com/fp/354ccd102c81787fee0800402680514f-p_e.jpg', 'https://photos.zillowstatic.com/fp/5a601e354acbd8573a7d2e6c45ebb789-p_e.jpg']",https://www.zillow.com/homedetails/100-County-Court-Blvd-802-Brampton-ON-L6W-3X1/440867985_zpid/
2069260664,135 Hillcrest Ave #1910,Mississauga,ON,L5B4B1,135 Hillcrest Ave #1910 Mississauga ON L5B4B1,"C$595,000",3,2.0,,Condo for sale,CONDO,,,"['https://photos.zillowstatic.com/fp/c942b0987fd144587f7e9c548069788f-p_e.jpg', 'https://photos.zillowstatic.com/fp/5e739ce1d920d6048758331b99a6243d-p_e.jpg', 'https://photos.zillowstatic.com/fp/63a3640c9e32bbbd370ba3d70edc24b3-p_e.jpg', 'https://photos.zillowstatic.com/fp/7f2b4129f4562d4be8ab91e987eeab3d-p_e.jpg', 'https://photos.zillowstatic.com/fp/ae84a3457ed05cb709e34423fc593cc2-p_e.jpg', 'https://photos.zillowstatic.com/fp/a2188f949ac06859abea7b982ae2dd5e-p_e.jpg']",https://www.zillow.com/homedetails/135-Hillcrest-Ave-1910-Mississauga-ON-L5B-4B1/2069260664_zpid/
447518774,122 Resurrection Rd UNIT 39,Toronto,ON,M9A5H1,122 Resurrection Rd UNIT 39 Toronto ON M9A5H1,"C$999,990",4,2.0,,Townhouse for sale,TOWNHOUSE,,,"['https://photos.zillowstatic.com/fp/1abca47a1af9ee4402de4f2e6009b9cf-p_e.jpg', 'https://photos.zillowstatic.com/fp/5787df634b2784e2665e59612dae9328-p_e.jpg', 'https://photos.zillowstatic.com/fp/d003abfc24b960530a6a1e63b1ee0046-p_e.jpg', 'https://photos.zillowstatic.com/fp/3f69bb422df6d8007a222d6499829bd5-p_e.jpg', 'https://photos.zillowstatic.com/fp/ed9add7ef5db2e9856c38aceff3da0ef-p_e.jpg', 'https://photos.zillowstatic.com/fp/8b5e80f1372be6e576d5755b0ac396ec-p_e.jpg', 'https://photos.zillowstatic.com/fp/19dce1bff4c95ef35e4fd3d1e544eccb-p_e.jpg', 'https://photos.zillowstatic.com/fp/2dfefc7875999e6f5a0817855a7ffc06-p_e.jpg', 'https://photos.zillowstatic.com/fp/c69ac89a6cdcb6c8fc7833eaf3ba23bd-p_e.jpg', 'https://photos.zillowstatic.com/fp/c14f87c1f9f9f4f243630de72e6786b6-p_e.jpg', 'https://photos.zillowstatic.com/fp/79ae092b2e1ce60037127336ae6dd2ef-p_e.jpg', 'https://photos.zillowstatic.com/fp/7943e7f87eaa371510a97e3547fba9a3-p_e.jpg', 'https://photos.zillowstatic.com/fp/f5e911a809e74870623aec9c44ff0f33-p_e.jpg', 'https://photos.zillowstatic.com/fp/6394d66df0aa54e49ab47cbacae4eaea-p_e.jpg', 'https://photos.zillowstatic.com/fp/823225cbd21dda26020c58aa55e1ba0f-p_e.jpg', 'https://photos.zillowstatic.com/fp/bfe5131deb007faf2d328a82d996f2f4-p_e.jpg', 'https://photos.zillowstatic.com/fp/81f4105d7128eefab8faae083d93dfab-p_e.jpg', 'https://photos.zillowstatic.com/fp/3b34e093fcf4039c589e76117569eb5a-p_e.jpg', 'https://photos.zillowstatic.com/fp/915172b0b79615a2f65facede40e0b84-p_e.jpg', 'https://photos.zillowstatic.com/fp/4669bd961237bac212ec4258330e9c4a-p_e.jpg', 'https://photos.zillowstatic.com/fp/1124e4a55c442d171a4b9e30909372f2-p_e.jpg', 'https://photos.zillowstatic.com/fp/cece6a4b2ce768288d94963d8d6fa6d6-p_e.jpg', 'https://photos.zillowstatic.com/fp/603314d2bd1aec85eed3b90b446bc5af-p_e.jpg', 'https://photos.zillowstatic.com/fp/fe045505614336bf24a01bd0873515a7-p_e.jpg', 'https://photos.zillowstatic.com/fp/94d6910e8c4e4dc5f073a8de0a0b48b2-p_e.jpg', 'https://photos.zillowstatic.com/fp/4adfd2045b694e13abebc5bb68ac01fc-p_e.jpg', 'https://photos.zillowstatic.com/fp/312367ce01dc8e326a70718855654b0a-p_e.jpg', 'https://photos.zillowstatic.com/fp/b98eafb0223cd9db68e40596f685faeb-p_e.jpg', 'https://photos.zillowstatic.com/fp/20d6c61302837401fccaed7d502d73a5-p_e.jpg', 'https://photos.zillowstatic.com/fp/7f11a7130880b3014cbb40f4544aa6a1-p_e.jpg', 'https://photos.zillowstatic.com/fp/acad352f0de8d02501c3f305d698c3ab-p_e.jpg', 'https://photos.zillowstatic.com/fp/b437ce42377e0379469face121aa496f-p_e.jpg', 'https://photos.zillowstatic.com/fp/51e763ba5b5ab887952eee82a7f40e61-p_e.jpg', 'https://photos.zillowstatic.com/fp/c96869bc8806a971b4613c5c69f48274-p_e.jpg']",https://www.zillow.com/homedetails/122-Resurrection-Rd-UNIT-39-Toronto-ON-M9A-5H1/447518774_zpid/
440412760,215 Queen St E #1610,Brampton,ON,L6W0A9,215 Queen St E #1610 Brampton ON L6W0A9,"C$475,000",2,2.0,,Condo for sale,CONDO,,,"['https://photos.zillowstatic.com/fp/1519d329660773a75b39decb12266af1-p_e.jpg', 'https://photos.zillowstatic.com/fp/d40fbac4f1c13ac136236af5c98d5a95-p_e.jpg', 'https://photos.zillowstatic.com/fp/74765cc0eb10d4214b5fe7b16278034e-p_e.jpg', 'https://photos.zillowstatic.com/fp/4e021b306cf3c0d8dc1744d6fcb2196c-p_e.jpg', 'https://photos.zillowstatic.com/fp/fc8ea71d721321510f89e6aced681721-p_e.jpg', 'https://photos.zillowstatic.com/fp/4410e70e290c1ca968622178843993ea-p_e.jpg', 'https://photos.zillowstatic.com/fp/508bca0c274ec8cfeb24ed80a98f4c36-p_e.jpg', 'https://photos.zillowstatic.com/fp/b117123b5ecee0cbef713c12110ed5d1-p_e.jpg', 'https://photos.zillowstatic.com/fp/eb5c299070d71802343c33d3dd70687e-p_e.jpg', 'https://photos.zillowstatic.com/fp/7c795d82a8903f14126706c510c7d5f5-p_e.jpg', 'https://photos.zillowstatic.com/fp/98a3837acb29f67a3fe79c575171aca2-p_e.jpg', 'https://photos.zillowstatic.com/fp/acebf3d1da6d72b5042cd59645cea766-p_e.jpg', 'https://photos.zillowstatic.com/fp/17ccdcb4313d672c4529b41d6498f446-p_e.jpg', 'https://photos.zillowstatic.com/fp/b9b45bc80827c6d5bb619880d4457d0a-p_e.jpg', 'https://photos.zillowstatic.com/fp/62ff39d8002a78762cdf794599919a24-p_e.jpg', 'https://photos.zillowstatic.com/fp/305c4146018502dd7c543460cf7c23aa-p_e.jpg', 'https://photos.zillowstatic.com/fp/e3f33fba00d3e31496fd412143525530-p_e.jpg', 'https://photos.zillowstatic.com/fp/673366623de3a2cfd4e52c5cc37fa6fc-p_e.jpg', 'https://photos.zillowstatic.com/fp/f976d726a4ca07402611905cba1eb98b-p_e.jpg', 'https://photos.zillowstatic.com/fp/e6d22ecb6d1f9c03bc13f13682cd786f-p_e.jpg']",https://www.zillow.com/homedetails/215-Queen-St-E-1610-Brampton-ON-L6W-0A9/440412760_zpid/
441734244,3883 Quartz Rd #216,Mississauga,ON,L5B0M4,3883 Quartz Rd #216 Mississauga ON L5B0M4,"C$519,000",2,2.0,,New construction,CONDO,,,"['https://photos.zillowstatic.com/fp/901394e49f4a48666588685453136d26-p_e.jpg', 'https://photos.zillowstatic.com/fp/48033dd88cdcc0f143b39fb545ae2382-p_e.jpg', 'https://photos.zillowstatic.com/fp/b9aa76d846ede6477b0a924a8059b9ef-p_e.jpg', 'https://photos.zillowstatic.com/fp/1f46f13abe3d59c1628e1e31044593cb-p_e.jpg', 'https://photos.zillowstatic.com/fp/c75b5664a34dc024f0110055df27bc7b-p_e.jpg', 'https://photos.zillowstatic.com/fp/63d75965dcc444e2a04fab31186da37f-p_e.jpg', 'https://photos.zillowstatic.com/fp/9b8edf26dda3a15f1c3067634edd85ed-p_e.jpg', 'https://photos.zillowstatic.com/fp/880482b17d4fea54710913f727a4a89e-p_e.jpg', 'https://photos.zillowstatic.com/fp/7e9dec7c0ba094af9707fa9bef6cbb55-p_e.jpg', 'https://photos.zillowstatic.com/fp/5add73aa4581b2534c21e6b4eb5685c6-p_e.jpg', 'https://photos.zillowstatic.com/fp/347567b115812d58d510454fb8239e83-p_e.jpg', 'https://photos.zillowstatic.com/fp/baa9a73242e416defc32cf306e9008b2-p_e.jpg', 'https://photos.zillowstatic.com/fp/572f143d0313fda0a9c3c15668e3ffef-p_e.jpg', 'https://photos.zillowstatic.com/fp/8b6233701054b2aa229304799550aa09-p_e.jpg', 'https://photos.zillowstatic.com/fp/1b1b1f4f12ac4e37a77b09e2d631ac8a-p_e.jpg', 'https://photos.zillowstatic.com/fp/2f98ff2840b7b98bb1114e518700c51e-p_e.jpg', 'https://photos.zillowstatic.com/fp/da2c5b71f0210bd56343877e81cfa65e-p_e.jpg', 'https://photos.zillowstatic.com/fp/350dd910ec8bafe56d7cfd87ac817b04-p_e.jpg', 'https://photos.zillowstatic.com/fp/c2d8aa0d9aad90dc06d11801313518c1-p_e.jpg', 'https://photos.zillowstatic.com/fp/a042fff591db9e4614061714ed8eabed-p_e.jpg', 'https://photos.zillowstatic.com/fp/34b7a07dc7dc72c87808a671ec9581d7-p_e.jpg', 'https://photos.zillowstatic.com/fp/bd66ab99450de3e4552dd0e462278ffd-p_e.jpg', 'https://photos.zillowstatic.com/fp/2130fcc6173ffa310ffc2ce376bde52a-p_e.jpg', 'https://photos.zillowstatic.com/fp/67eab2b22d1bddc911d55ce608263101-p_e.jpg', 'https://photos.zillowstatic.com/fp/d8e89bd24cbe9a480cbb27fc7e41cf06-p_e.jpg']",https://www.zillow.com/homedetails/3883-Quartz-Rd-216-Mississauga-ON-L5B-0M4/441734244_zpid/
