Business Name,Address,Phone,Web,Email,CIF,Legal Form,Sector,Constitution Date,Last Change Date,Social Object,Commercial Registry,Trade Names,Activity,CNAE Activity,URL1,URL2
Electra Caldense Energia Sa,"Plaza catalunya, 6, caldes de montbui, 08140, barcelona",938650585,www.electracaldense.com,info@electracaldense.com,A62420815,Sociedad anónima unipersonal,Energía,8-1-2001,10-9-2023,Comercio y producción de energía eléctrica,Barcelona,,Transporte distr. energía eléctrica,3513 - Distribución de energía eléctrica,https://ranking-empresas.eleconomista.es/ELECTRA-CALDENSE-ENERGIA.html,https://empresite.eleconomista.es/ELECTRA-CALDENSE-ENERGIA.html
Electrica Del Oeste Distribucion Sl,"Avenida virgen de guadalupe, 33 - 3º, caceres, 10001, caceres",927225704,www.eosa.es,secretaria@eosa.es,B10025773,Sociedad limitada unipersonal,Energía,20-12-1985,29-10-2023,Distribución y comercialización de energía eléctrica para autoconsumo.,Cáceres,,Transporte distr. energía eléctrica,3513 - Distribución de energía eléctrica,https://ranking-empresas.eleconomista.es/ELECTRICA-OESTE-DISTRIBUCION.html,https://empresite.eleconomista.es/ELECTRICA-OESTE-DISTRIBUCION.html
Engie España Sl.,"Calle ribera del loira, 28, madrid, 28042, madrid",913106270,www.engie.es,contactspain@gdfsuez.com,B82508441,Sociedad limitada unipersonal,Energía,12-1-2000,11-2-2024,Suministro de gas y electricidad,Madrid,,Transporte distr. energía eléctrica,3513 - Distribución de energía eléctrica,https://ranking-empresas.eleconomista.es/ENGIE-ESPANA.html,https://empresite.eleconomista.es/ELECTRABEL-ESPANA.html
Electricas De Benuza Sl,"Calle el toral, 15, puente de domingo florez, 24380, leon",987460160,www.electricabenuza.es,,B24374647,Sociedad limitada,Energía,27-5-1998,10-12-2023,La distribucion de energia electrica.,León,,Transporte distr. energía eléctrica,3513 - Distribución de energía eléctrica,https://ranking-empresas.eleconomista.es/ELECTRICAS-BENUZA.html,https://empresite.eleconomista.es/ELECTRICAS-BENUZA.html
Genergi Soluciones Sl,"Calle cristo de la luz, 10 - plt 1, toledo, 45003, toledo",925222558,www.genergi.es,comercial@genergi.es,B45721610,Sociedad limitada,Energía,18-11-2009,29-10-2023,"Produccion, construccion, venta de energia electrica obtenida a traves de plantas de energia solar termica, solar fotovoltaica, eolica, energia hidraulica. instalaciones de media y baja tension. proyectos, auditorias, di",Toledo,,Transporte distr. energía eléctrica,3513 - Distribución de energía eléctrica,https://ranking-empresas.eleconomista.es/GENERGI-SOLUCIONES.html,https://empresite.eleconomista.es/GENERGI-SOLUCIONES.html
Enerfrias Sl,"Plaza ayuntamiento, 1, frias, 09211, burgos",,,frias@ciudaddefrias.com,B09349499,Sociedad limitada unipersonal,Energía,6-5-1999,10-12-2023,"1. de forma directa la funcion de distribuir energia electrica, asi como construir, mantener y operar las instalaciones de distribucion destinadas a situar la energia en los puntos de consumo y proceder a su venta a aque",Burgos,,Transporte distr. energía eléctrica,3513 - Distribución de energía eléctrica,https://ranking-empresas.eleconomista.es/ENERFRIAS.html,https://empresite.eleconomista.es/ENERFRIAS.html
Parc Solar La Devesa 2 Sl,"Avenida diagonal, 520 - 4 2 b, barcelona, 08006, barcelona",,,,B64864655,Sociedad limitada,Energía,10-6-2008,6-8-2023,"La tenencia y explotacion de instalaciones destinadas a la evacuacion de energia electrica por parte de instalaciones de produccion de energia que utilicen como energia primaria la energia solar fotovoltaica, etc.",Barcelona,,Transporte distr. energía eléctrica,3513 - Distribución de energía eléctrica,https://ranking-empresas.eleconomista.es/PARC-SOLAR-DEVESA-2.html,https://empresite.eleconomista.es/PARC-SOLAR-DEVESA-2.html
Hijos De Manuel Perles Vicens Sl,"Calle lepanto, 1, benigembla, 03794, alicante",965581070,,,B53212627,Sociedad limitada,Energía,29-9-1997,6-8-2023,El transporte y distribucion de energia electrica.,Alicante,,Transporte distr. energía eléctrica,3513 - Distribución de energía eléctrica,https://ranking-empresas.eleconomista.es/HIJOS-MANUEL-PERLES-VICENS.html,https://empresite.eleconomista.es/HIJOS-MANUEL-PERLES-VICENS.html
Distribucion De Electricidad Valle De Santa Ana Sl.,"Avenida virgen de guadalupe, 33 - piso 3, caceres, 10001, caceres",,,apitarch@eosa.es,B06184790,Sociedad limitada unipersonal,Energía,26-5-1995,14-4-2024,Distribucion de energia electrica.,Cáceres,,Transporte distr. energía eléctrica,3513 - Distribución de energía eléctrica,https://ranking-empresas.eleconomista.es/DISTRIBUCION-ELECTRICIDAD-VALLE-SANTA-ANA.html,https://empresite.eleconomista.es/DISTRIBUCION-ELECTRICIDAD-VALLE-SANTA-ANA.html
Electrica De Cantoña Sl,"Lugar cantoña, paderne de allariz, 32112, orense",986349373,www.elecanto.es,admon@elecanto.es,B32159089,Sociedad limitada,Energía,11-1-1993,13-8-2023,Distribucion de energia electrica.,Orense,,Transporte distr. energía eléctrica,3513 - Distribución de energía eléctrica,https://ranking-empresas.eleconomista.es/ELECTRICA-CANTONA.html,https://empresite.eleconomista.es/ELECTRICA-CANTONA.html
Electrica San Gregorio Sl,"Plaza ayuntamiento, s/n, la calahorra, 18512, granada",958677272,,,B18057208,Sociedad limitada unipersonal,Energía,6-3-1986,14-4-2024,"La distribucion de energia electrica, la comercializacion de todo tipo de productos energeticos, en particular la energia electrica en los terminos previstos en la ley sin limitacion de territorio; asi como todos los ser",Granada,,Transporte distr. energía eléctrica,3513 - Distribución de energía eléctrica,https://ranking-empresas.eleconomista.es/ELECTRICA-SAN-GREGORIO.html,https://empresite.eleconomista.es/ELECTRICA-SAN-GREGORIO.html
Suministros Electricos Amieva Sl,"Avenida castilla, 40, cangas de onis, 33550, asturias",985849030,,suela@suela.com,B33089202,Sociedad limitada,Energía,22-7-1986,19-11-2023,"La distribucion y venta de energia electrica, asi como de los suministros y equipos necesarios para la instalacion o venta de instalaciones electricas de cualquier tipo. exclusivamente a aquellos consumidores finales que",Asturias,,Transporte distr. energía eléctrica,3513 - Distribución de energía eléctrica,https://ranking-empresas.eleconomista.es/SUMINISTROS-ELECTRICOS-AMIEVA.html,https://empresite.eleconomista.es/SUMINISTROS-ELECTRICOS-AMIEVA.html
Gestion Recursos Linarys Sl.,"Calle general francisco ramirez, 4 - piso 9 a, valladolid, 47003, valladolid",,,administracion@linarys.es,B47754437,Sociedad limitada,Energía,1-6-2016,25-6-2023,La distribución y comercialización de energía eléctrica. la compra y venta de bienes inmuebles propios y de terceros así como el alquiler y la gestión y administración de la propiedad inmobiliaria. actividades de formación y educación,Valladolid,,Transporte distr. energía eléctrica,3513 - Distribución de energía eléctrica,https://ranking-empresas.eleconomista.es/GESTION-RECURSOS-LINARYS.html,https://empresite.eleconomista.es/GESTION-RECURSOS-LINARYS.html
Central Electrica Mitjans Sl,"Calle josep flores, 56, sarria de ter, 17840, gerona",972170695,,,B17454091,Sociedad limitada,Energía,17-10-1995,31-12-2023,Distribucion de energia electrica.,Gerona,,Transporte distr. energía eléctrica,3513 - Distribución de energía eléctrica,https://ranking-empresas.eleconomista.es/CENTRAL-ELECTRICA-MITJANS.html,https://empresite.eleconomista.es/CENTRAL-ELECTRICA-MITJANS.html
Felipe Blazquez Sl,"Avenida andalucia, 18, pruna, 41670, sevilla",954858380,,contabilidad@empresasblazquez.com,B41575994,Sociedad limitada,Energía,26-2-1993,10-9-2023,"- la sociedad tiene por objeto la distribucion de energia electrica, la comercializacion de todo tipo de productos energeticos , en particular la energia electrica en los terminos previstos en la ley sin limitacion de te",Sevilla,,Transporte distr. energía eléctrica,3513 - Distribución de energía eléctrica,https://ranking-empresas.eleconomista.es/FELIPE-BLAZQUEZ.html,https://empresite.eleconomista.es/FELIPE-BLAZQUEZ.html
Hidroelectrica Jose Matanza Garcia Sl,"Barrio casares, 11, carballedo, 27528, lugo",982466059,,josematanzagonzalez@qmail.com,B27249911,Sociedad limitada,Energía,16-2-2000,11-2-2024,"La explotacion de lineas de transporte, distribucion y comercializacion de energia electrica con sus redes para el suministro de fuerza y luz, realizacion de todo tipo de instalaciones electricas, alquileres, lectura y c",Lugo,,Transporte distr. energía eléctrica,3513 - Distribución de energía eléctrica,https://ranking-empresas.eleconomista.es/HIDROELECTRICA-JOSE-MATANZA-GARCIA.html,https://empresite.eleconomista.es/HIDROELECTRICA-JOSE-MATANZA-GARCIA.html
Electricas Santa Leonor Sl,"Calle ramon y cajal, 3, santa marta, 06150, badajoz",900902930,www.electricas.net,eferfer52@gmail.com,B06281497,Sociedad limitada unipersonal,Energía,7-7-1998,20-8-2023,Distribucion de energia electrica.,Badajoz,,Transporte distr. energía eléctrica,3513 - Distribución de energía eléctrica,https://ranking-empresas.eleconomista.es/ELECTRICAS-SANTA-LEONOR.html,https://empresite.eleconomista.es/ELECTRICAS-SANTA-LEONOR.html
Electrica De Castro Caldelas Sl,"Calle galera, 1 - 1, a coruña, 15003, la coruña",988203055,,,B15639727,Sociedad limitada,Energía,4-5-1998,20-8-2023,"La distribución de energía eléctrica, así como la realización de todas aquellas actividades complementarias con ésta.",La Coruña,,Transporte distr. energía eléctrica,3513 - Distribución de energía eléctrica,https://ranking-empresas.eleconomista.es/ELECTRICA-CASTRO-CALDELAS.html,https://empresite.eleconomista.es/ELECTRICA-CASTRO-CALDELAS.html
Electrica Arangarona Sl.,"Calle d'anglades, s/n, bossost, 25550, lerida",,,,B25820341,Sociedad limitada unipersonal,Energía,4-1-2017,24-9-2023,La distribución de energía eléctrica,Lérida,,Transporte distr. energía eléctrica,3513 - Distribución de energía eléctrica,https://ranking-empresas.eleconomista.es/ELECTRICA-ARANGARONA.html,https://empresite.eleconomista.es/ELECTRICA-ARANGARONA.html
Electrica De Cabañas Sl,"Lugar arenal, 45 - bj, cabanas, 15621, la coruña",981430534,,,B15494198,Sociedad limitada,Energía,2-3-1995,8-10-2023,Distribución de energía eléctrica.,La Coruña,,Transporte distr. energía eléctrica,3513 - Distribución de energía eléctrica,https://ranking-empresas.eleconomista.es/ELECTRICA-CABANAS.html,https://empresite.eleconomista.es/ELECTRICA-CABANAS.html
Heliodora Gomez Sa,"Pasaje la asomadilla, cabezuela, 40396, segovia",921521836,,arodrigo@instalacionesgodofredo.es,A78924750,Sociedad anónima,Energía,13-10-1988,10-12-2023,"La distribucion de energia electrica, asi como construir, mantener y operar las instalaciones de distribucion destinadas a situar la energia en los puntos de consumo y proceder a su venta a aquellos consumidores finales.",Segovia,,Transporte distr. energía eléctrica,3513 - Distribución de energía eléctrica,https://ranking-empresas.eleconomista.es/HELIODORA-GOMEZ.html,https://empresite.eleconomista.es/HELIODORA-GOMEZ.html
Suministros Electricos Osuna Sl,"Poligono el palomar calle b, nav 2, loc, osuna, 41640, sevilla",670...,,contable.seo@gmail.com,B91063297,Sociedad limitada,Energía,11-7-2000,18-2-2024,Comercio de material electrico e instalaciones electricas.,Sevilla,,Transporte distr. energía eléctrica,3513 - Distribución de energía eléctrica,https://ranking-empresas.eleconomista.es/SUMINISTROS-ELECTRICOS-OSUNA.html,https://empresite.eleconomista.es/SUMINISTROS-ELECTRICOS-OSUNA.html
Electro Sallent De Gallego Sl,"Calle francia, 4, sallent de gallego, 22640, huesca",974488005,www.sallentdegallego.com,electroadmin@aytosallent.es,B22216725,Sociedad limitada unipersonal,Energía,2-9-1998,16-7-2023,"La sociedad tiene por objeto la realización de la siguiente actividad: la distribución de energía eléctrica (cnae: 3513), así como construir, mantener y operar las instalaciones de distribución destinadas a situar la energía en los puntos de consumo y todas aquellas funciones que le vangan determina.",Huesca,,Transporte distr. energía eléctrica,3513 - Distribución de energía eléctrica,https://ranking-empresas.eleconomista.es/ELECTRO-SALLENT-GALLEGO.html,https://empresite.eleconomista.es/ELECTRO-SALLENT-GALLEGO.html
Empresa Electrica De San Pedro Sl,"Calle ramon gomez redondo, 6, albacete, 02006, albacete",967661011,,distribuidora@eesanpedro.es,B02164044,Sociedad limitada unipersonal,Energía,13-8-1992,18-2-2024,"Actividades reguladas, distribucion y transporte de energia electrica.",Albacete,,Transporte distr. energía eléctrica,3513 - Distribución de energía eléctrica,https://ranking-empresas.eleconomista.es/EMPRESA-ELECTRICA-SAN-PEDRO.html,https://empresite.eleconomista.es/EMPRESA-ELECTRICA-SAN-PEDRO.html
Distribucion Electrica Las Mercedes Sl,"Avenida de guadalajara, 68 - nav 3, mondejar, 19110, guadalajara",949387130,,lasmercedes@mondejar.net,B19154707,Sociedad limitada unipersonal,Energía,5-10-1995,27-8-2023,"La sociedad tiene por objeto la distribucion de energia electrica, la comercializacion de todo tipo de productos energeticos, en particular la energia electrica en los terminos previstos en la ley sin limitacion de terri",Guadalajara,,Transporte distr. energía eléctrica,3513 - Distribución de energía eléctrica,https://ranking-empresas.eleconomista.es/DISTRIBUCION-ELECTRICA-MERCEDES.html,https://empresite.eleconomista.es/DISTRIBUCION-ELECTRICA-MERCEDES.html
Electra Del Gayoso Sl,"Calle casais, 20, vimianzo, 15129, la coruña",981716045,www.gayoso.org,electragalloso@galloso.org,B15457971,Sociedad limitada,Energía,10-5-1994,24-9-2023,Distribución de energía eléctrica y gestión de averías de luces.,La Coruña,,Transporte distr. energía eléctrica,3513 - Distribución de energía eléctrica,https://ranking-empresas.eleconomista.es/ELECTRA-GAYOSO.html,https://empresite.eleconomista.es/ELECTRA-GAYOSO.html
Energetica De Alcocer Sl,"Avenida francisco chacon, 31, puebla de alcocer, 06630, badajoz",924620043,www.industriasdelpozo.com,jps.sl@industriasdelpozo.com,B06399364,Sociedad limitada,Energía,21-7-2003,25-2-2024,Suministro de energía eléctrica a particulares y empresas,Badajoz,,Transporte distr. energía eléctrica,3513 - Distribución de energía eléctrica,https://ranking-empresas.eleconomista.es/ENERGETICA-ALCOCER.html,https://empresite.eleconomista.es/ENERGETICA-ALCOCER.html
Electra Castillejense Sa,"Calle monte, 24, villanueva de los castillejos, 21540, huelva",959387006,www.electracastillejense.es,electra@electracastillejense.com,A21002142,Sociedad anónima,Energía,27-7-1955,17-12-2023,Distribución de electricidad,,,Transporte distr. energía eléctrica,3513 - Distribución de energía eléctrica,https://ranking-empresas.eleconomista.es/ELECTRA-CASTILLEJENSE.html,https://empresite.eleconomista.es/ELECTRA-CASTILLEJENSE.html
Electrica Ntra Sra De Los Santos Sl,"Paseo la playa, s/n, alcala de los gazules, 11180, cadiz",956420159,www.elecsantos.es,administracion@elecsantos.es,B11000759,Sociedad limitada,Energía,8-7-1944,24-12-2023,"A) la distribucion de energia electrica, asi como la construccion, mantenimiento y operacion de las instalaciones de distribucion destinadas a situar la energia en los puntos de consumo para proceder a su venta a aquello",Cádiz,Alcala Wifi Internetparatodos,Transporte distr. energía eléctrica,3513 - Distribución de energía eléctrica,https://ranking-empresas.eleconomista.es/ELECTRICA-NTRA-SRA-SANTOS.html,https://empresite.eleconomista.es/ELECTRICA-NTRA-SRA-SANTOS.html
Electrica De Guadassuar Distribucion Sociedad Limitada.,"Calle gran via, 88, guadassuar, 46610, valencia",962570107,www.electricaguadassuar.es,info@coopelec.es,B98194780,Sociedad limitada,Energía,16-12-2009,2-7-2023,". la sociedad tendra por objeto: la comercializacion de todo tipo de productos energeticos, en particular la energia electrica en los terminos previstos en la ley, sin limitacion de territorio, asi como indirectamente co",Valencia,,Transporte distr. energía eléctrica,3513 - Distribución de energía eléctrica,https://ranking-empresas.eleconomista.es/ELECTRICA-GUADASSUAR-DISTRIBUCION.html,https://empresite.eleconomista.es/ELECTRICA-GUADASSUAR-COMERCIALIZACION.html
Herederos De Emilio Gamero Sl,"Calle blas infante, 65, fuente palmera, 14120, cordoba",,,heregamersl@hotmail.com,B14010656,Sociedad limitada,Energía,8-3-1965,17-9-2023,"La distribucion de energia electrica, la comercializacion de todo tipo de productos energeticos, en particular la energia electrica en los terminos previstos en la ley sin limitacion de territorio; asi como todos los ser",Córdoba,,Transporte distr. energía eléctrica,3513 - Distribución de energía eléctrica,https://ranking-empresas.eleconomista.es/HEREDEROS-EMILIO-GAMERO.html,https://empresite.eleconomista.es/HEREDEROS-EMILIO-GAMERO.html
Distribuidora Electrica De Ardales Sociedad Limitada.,"Plaza san isidro, 41, ardales, 29550, malaga",952458401,www.electricardales.es,admideasl@electricardales.es,B29224003,Sociedad limitada,Energía,10-7-1987,8-10-2023,"Distribucion electrica de forma exclusiva, y la de comercializacion a traves de sociedades participadas.",Málaga,,Transporte distr. energía eléctrica,3513 - Distribución de energía eléctrica,https://ranking-empresas.eleconomista.es/DISTRIBUIDORA-ELECTRICA-ARDALES.html,https://empresite.eleconomista.es/DISTRIBUIDORA-ELECTRICA-ARDALES.html
Electra Saltea Slu,"Calle emilio arrieta, 25 - plt 2 dr, pamplona/iruña, 31002, navarra",948213570,,administracion@grupobel.com,B31613409,Sociedad limitada unipersonal,Energía,1-4-1998,9-7-2023,Distribución de energía eléctrica a nivel provincial.,Navarra,,Transporte distr. energía eléctrica,3513 - Distribución de energía eléctrica,https://ranking-empresas.eleconomista.es/ELECTRA-SALTEA-SLU.html,https://empresite.eleconomista.es/ELECTRA-SALTEA.html
Juan N Diaz Galvez Y Hermanos Sl,"Calle general armero, 45, fuentes de andalucia, 41420, sevilla",954837354,www.diazgalvez.es,silvia@diazgalvez.es,B41907098,Sociedad limitada,Energía,29-5-1998,8-10-2023,Distribución de energía eléctrica en municipios.,Sevilla,,Transporte distr. energía eléctrica,3513 - Distribución de energía eléctrica,https://ranking-empresas.eleconomista.es/JUAN-N-DIAZ-GALVEZ-HERMANOS.html,https://empresite.eleconomista.es/JUAN-N-DIAZ-GALVEZ-HERMANOS.html
Esticar Solar Sl,"Calle melquiades alvarez, 2 - piso 1 iz, madrid, 28003, madrid",,,srico@energylogic.es,B85820470,Sociedad limitada,Energía,16-12-2009,13-8-2023,La promocion y explotacion de instalaciones de generacion de energias renovables...,Madrid,,Transporte distr. energía eléctrica,3513 - Distribución de energía eléctrica,https://ranking-empresas.eleconomista.es/ESTICAR-SOLAR.html,https://empresite.eleconomista.es/ESTICAR-SOLAR.html
Electrica Santa Marta Y Villalba Sl,"Calle francisco neila, 34, santa marta, 06150, badajoz",924690163,,electrica@elsmv.es,B06337919,Sociedad limitada,Energía,26-12-2000,10-3-2024,Distribución de energía eléctrica,Badajoz,,Transporte distr. energía eléctrica,3513 - Distribución de energía eléctrica,https://ranking-empresas.eleconomista.es/ELECTRICA-SANTA-MARTA-VILLALBA.html,https://empresite.eleconomista.es/ELECTRICA-SANTA-MARTA-VILLALBA.html
Electrica De Biar Distribucion Sl.,"Avenida alicante, 30 - bj, biar, 03410, alicante",,,administracion@coopelectricabiar.com,B54859368,Sociedad limitada,Energía,17-6-2015,20-8-2023,"La distribución de energía eléctrica desde las redes de transporte, o en su caso desde otras redes de distribución o desde la generación conectada a la propia red de distribución, hasta los puntos de consumo u otras redes de distribución con el fin de suministrarla a los consumidores, así como const",Alicante,,Transporte distr. energía eléctrica,3513 - Distribución de energía eléctrica,https://ranking-empresas.eleconomista.es/ELECTRICA-BIAR-DISTRIBUCION.html,https://empresite.eleconomista.es/ELECTRICA-BIAR-DISTRIBUCION.html
Hidroastur Sa,"Calle general zuvillaga, 7, oviedo, 33005, asturias",985271230,www.hidroastur.es,hidroastur@hidroastur.es,A33104415,Sociedad anónima,Energía,8-7-1987,7-1-2024,Suministro de energía.,Asturias,Hidroastur S.a.,Transporte distr. energía eléctrica,3513 - Distribución de energía eléctrica,https://ranking-empresas.eleconomista.es/HIDROASTUR.html,https://empresite.eleconomista.es/HIDROASTUR.html
Distribuidora De Energia Electrica Del Bages Sa,"Avenida vilanova, 12, barcelona, 08018, barcelona",619...,,filialescontabilidad@enel.com,A58382631,Sociedad anónima,Energía,25-5-1987,18-6-2023,El desarrollo de actividades de transporte y distribucion de energia electrica.,Barcelona,,Transporte distr. energía eléctrica,3513 - Distribución de energía eléctrica,https://ranking-empresas.eleconomista.es/DISTRIBUIDORA-ENERGIA-ELECTRICA-BAGES.html,https://empresite.eleconomista.es/DISTRIBUIDORA-ENERGIA-ELECTRICA-BAGES.html
Electrica De Guixes Sl,"Plaza mercat, 2, cardona, 08261, barcelona",938691479,www.electricaguixes.com,info@electricaguixes.com,B25025164,Sociedad limitada,Energía,12-12-1980,3-9-2023,Suministro de energía eléctrica.,Barcelona,,Transporte distr. energía eléctrica,3513 - Distribución de energía eléctrica,https://ranking-empresas.eleconomista.es/ELECTRICA-GUIXES.html,https://empresite.eleconomista.es/ELECTRICA-GUIXES.html
Electra Del Narahio Sa,"Lugar vista alegre, naron, 15597, la coruña",981362506,www.narahio.com,electra@narahio.com,A15011661,Sociedad anónima,Energía,25-9-1964,29-10-2023,"Distribución de energía eléctrica. construir, mantener y operar las instalaciones destinadas a situar la energía en los puntos de consumo.",La Coruña,,Transporte distr. energía eléctrica,3513 - Distribución de energía eléctrica,https://ranking-empresas.eleconomista.es/ELECTRA-NARAHIO.html,https://empresite.eleconomista.es/ELECTRA-NARAHIO.html
Juan De Frutos Garcia Distribucion Electrica Sl.,"Calle principe, 6 - 40260, fuentepelayo, 40260, segovia",921574398,www.jdfg.es,,B40268443,Sociedad limitada unipersonal,Energía,16-2-2017,10-9-2023,"La distribución de energía eléctrica, así como construir, mantener y operar las instalaciones de distribución destinadas a situar la energía en los puntos de consumo y todas aquellas funciones que le vengan determinadas por la ley 24/2013, de 26 de diciembre, del sector eléctrico",Segovia,,Transporte distr. energía eléctrica,3513 - Distribución de energía eléctrica,https://ranking-empresas.eleconomista.es/JUAN-FRUTOS-GARCIA-DISTRIBUCION-ELECTRICA.html,https://empresite.eleconomista.es/JUAN-FRUTOS-GARCIA-DISTRIBUCION-ELECTRICA.html
Electra Valdizarbe Distribucion Sl.,"Calle leyre, 11 - bis piso 3 a, pamplona/iruña, 31002, navarra",948221796,,grupovaldizarbe@grupovaldizarbe.es,B71308803,Sociedad limitada unipersonal,Energía,30-12-2016,6-8-2023,"1. como actividad principal la de distribución de energía eléctrica con objeto de transmitir y distribuir energía eléctrica desde las redes de transporte, o en su caso desde otras redes de distribución o desde la generación conectada a la propia red de distribución. y otras",Navarra,,Transporte distr. energía eléctrica,3513 - Distribución de energía eléctrica,https://ranking-empresas.eleconomista.es/ELECTRA-VALDIZARBE-DISTRIBUCION.html,https://empresite.eleconomista.es/ELECTRA-VALDIZARBE-DISTRIBUCION.html
Elecdey Lezuza Sa,"Plaza la amistad, 11, lezuza, 02160, albacete",,,elecdey@elecdey.es,A02375111,Sociedad anónima,Energía,20-8-2004,26-11-2023,Explotación de parque eólico.,Albacete,,Transporte distr. energía eléctrica,3513 - Distribución de energía eléctrica,https://ranking-empresas.eleconomista.es/ELECDEY-LEZUZA.html,https://empresite.eleconomista.es/ELECDEY-LEZUZA.html
Bioelectrica De Linares Sl,"Paseo castellana, 74 - 1 a, madrid, 28046, madrid",910791450,,administracion@sdcl-iberia.com,B91658567,Sociedad limitada,Energía,13-2-2008,24-9-2023,Suministro de energía.,Madrid,,Transporte distr. energía eléctrica,3513 - Distribución de energía eléctrica,https://ranking-empresas.eleconomista.es/BIOELECTRICA-LINARES.html,https://empresite.eleconomista.es/BIOELECTRICA-LINARES.html
Comercializadora De Electricidad Y Gas Del Mediterraneo Sl.,"Plaza villa de castelldefels, 4 - piso 8 c, malaga, 29006, malaga",900696556,www.energiasdelmediterraneo.es,mmedina@energiasdelmediterraneo.es,B93506681,Sociedad limitada,Energía,20-10-2016,21-4-2024,"Comercialización de electricidad y gas. venta directa y online de productos energéticos y de electricidad en general. asesoramiento integral de instalaciones energéticas. instalación, venta y mantenimiento de dispositivos específicos de electricidad y gas",Málaga,Energias Del Mediterraneo,Transporte distr. energía eléctrica,3513 - Distribución de energía eléctrica,https://ranking-empresas.eleconomista.es/COMERCIALIZADORA-ELECTRICIDAD-GAS-MEDITERRANEO.html,https://empresite.eleconomista.es/COMERCIALIZADORA-ELECTRICIDAD-GAS-MEDITERRANEO.html
Empresa De Alumbrado Electrico De Ceuta Distribucion Sa,"Calle beatriz de silva, 2, ceuta, 51001, ceuta",956511900,www.electricadeceuta.com,info@electricadeceuta.com,A51004166,Sociedad anónima unipersonal,Energía,8-1-2001,15-10-2023,Distribución de energía eléctrica en ceuta.,Ceuta,,Transporte distr. energía eléctrica,3513 - Distribución de energía eléctrica,https://ranking-empresas.eleconomista.es/EMPRESA-ALUMBRADO-ELECTRICO-CEUTA-DISTRIBUCION.html,https://empresite.eleconomista.es/EMPRESA-ALUMBRADO-ELECTRICO-CEUTA-DISTRIBUCION.html
Compañia Energetica Puente Del Obispo Sl,"Paseo castellana, 74 - planta 1 pta. a, madrid, 28046, madrid",910791450,,jhuertas@sacyr.com,B91448514,Sociedad limitada unipersonal,Energía,17-10-2005,18-2-2024,Distribución y comercialización de energía eléctrica.,Madrid,,Transporte distr. energía eléctrica,3513 - Distribución de energía eléctrica,https://ranking-empresas.eleconomista.es/COMPANIA-ENERGETICA-PUENTE-OBISPO.html,https://empresite.eleconomista.es/COMPANIA-ENERGETICA-PUENTE-OBISPO.html
Simples Energia De España Sl.,"Calle pizarro, 16 - piso 2 oficina d, vigo, 36204, pontevedra",886161931,www.simplesenergia.es,info@simplesenergia.es,B87599304,Sociedad limitada,Energía,28-10-2016,9-7-2023,Comercialización y distribución de energía eléctrica.,Pontevedra,,Transporte distr. energía eléctrica,3513 - Distribución de energía eléctrica,https://ranking-empresas.eleconomista.es/SIMPLES-ENERGIA-ESPANA.html,https://empresite.eleconomista.es/SIMPLES-ENERGIA-ESPANA.html
Estabanell Y Pahisa Energia Sau,"Calle ponent, 7, granollers, 08401, barcelona",938609100,www.estabanell.com,estabanell@estabanell.cat,A61121752,Sociedad anónima unipersonal,Energía,16-7-1996,3-9-2023,Comercio y distribución de energía eléctrica,Barcelona,"Estabanell Y Pahisa Energia, S.a.",Transporte distr. energía eléctrica,3513 - Distribución de energía eléctrica,https://ranking-empresas.eleconomista.es/ESTABANELL-PAHISA-ENERGIA-SAU.html,https://empresite.eleconomista.es/ESTABANELL-PAHISA-ENERGIA.html
Electrica Guixes Energia Sl.,"Plaza mercat, 2, cardona, 08261, barcelona",938691479,,,B25780800,Sociedad limitada unipersonal,Energía,23-6-2014,6-8-2023,La comercialización de energía eléctrica mediante la adquisición de energía para su venta a los consumidores o a otros sujetos del sistema,Barcelona,Guixés Energia,Transporte distr. energía eléctrica,3513 - Distribución de energía eléctrica,https://ranking-empresas.eleconomista.es/ELECTRICA-GUIXES-ENERGIA.html,https://empresite.eleconomista.es/ELECTRICA-GUIXES-ENERGIA.html
Hidrocantabrico Distribucion Electrica Sa,"Plaza del fresno, 2 - ed hidrocantabrico, oviedo, 33007, asturias",902830100,www.edphcenergia.es/es,mario.vegagarcia@edp.com,A33591611,Sociedad anónima unipersonal,Energía,29-12-1999,17-3-2024,Distribución energía eléctrica,Asturias,,Transporte distr. energía eléctrica,3513 - Distribución de energía eléctrica,https://ranking-empresas.eleconomista.es/HIDROCANTABRICO-DISTRIBUCION-ELECTRICA.html,https://empresite.eleconomista.es/HIDROCANTABRICO-DISTRIBUCION-ELECTRICA.html
Barras Electricas Galaico Asturianas Sa,"Calle ramon maria aller ulloa, 9, lugo, 27003, lugo",982222200,www.edp.com,interprisa@viesgo.com,A33001983,Sociedad anónima,Energía,24-4-1931,13-8-2023,"La sociedad tiene por objeto el desarrollo de actividades de transporte y distribucion de energia electrica, y en su caso, suministro de energia electrica a clientes sometidos a tarifa oficial.",,"Barras Electricas Galaico-asturianas, S.a. (b.e.g.a., S.a.)",Transporte distr. energía eléctrica,3513 - Distribución de energía eléctrica,https://ranking-empresas.eleconomista.es/BARRAS-ELECTRICAS-GALAICO-ASTURIANAS.html,https://empresite.eleconomista.es/BARRAS-ELECTRICAS-GALAICO-ASTURIANAS.html
Cide Hcenergia Sa,"Calle poeta joan maragall, 1 - piso 3 sur, madrid, 28020, madrid",900373272,www.chcenergia.es,info@chcenergia.es,A74255282,Sociedad anónima,Energía,6-4-2009,17-12-2023,Distribución de electricidad,Madrid,,Transporte distr. energía eléctrica,3513 - Distribución de energía eléctrica,https://ranking-empresas.eleconomista.es/CIDE-HCENERGIA.html,https://empresite.eleconomista.es/CIDE-HCENERGIA.html
Ufd Distribucion Electricidad Sa.,"Avenida america, 38, madrid, 28028, madrid",900100251,www.ufd.es,,A63222533,Sociedad anónima,Energía,26-8-2003,16-7-2023,Distribución energía eléctrica,Madrid,,Transporte distr. energía eléctrica,3513 - Distribución de energía eléctrica,https://ranking-empresas.eleconomista.es/UFD-DISTRIBUCION-ELECTRICIDAD.html,https://empresite.eleconomista.es/UNION-FENOSA-DISTRIBUCION-MADRID.html
Iberdrola Redes España Sociedad Anonima Unipersonal,"Avenida san adrian, 48, bilbao, 48003, bizkaia",944151411,www.iberdrola.com,jluque@iberdrola.es,A95758363,Sociedad anónima unipersonal,Energía,1-4-2014,30-7-2023,Distribución energía eléctrica,Bizkaia,,Transporte distr. energía eléctrica,3513 - Distribución de energía eléctrica,https://ranking-empresas.eleconomista.es/IBERDROLA-REDES-ESPANA-UNIPERSONAL.html,https://empresite.eleconomista.es/IBERDROLA-REDES-ESPANA.html
Edistribucion Redes Digitales Sl.,"Calle ribera del loira, 60, madrid, 28042, madrid",900878119,www.edistribucion.com,edistribucionweb@enel.com,B82846817,Sociedad limitada unipersonal,Energía,6-2-2001,10-3-2024,Transporte energía eléctrica,Madrid,,Transporte distr. energía eléctrica,3513 - Distribución de energía eléctrica,https://ranking-empresas.eleconomista.es/EDISTRIBUCION-REDES-DIGITALES.html,https://empresite.eleconomista.es/ENDESA-DISTRIBUCION-ELECTRICA.html
Viesgo Distribucion Electrica Sl,"Calle isabel torres, 25, santander, 39011, cantabria",942246000,www.viesgodistribucion.com,informacion@viesgo.com,B62733159,Sociedad limitada unipersonal,Energía,18-1-2002,6-8-2023,Distribución de energía eléctrica,Cantabria,,Transporte distr. energía eléctrica,3513 - Distribución de energía eléctrica,https://ranking-empresas.eleconomista.es/VIESGO-DISTRIBUCION-ELECTRICA.html,https://empresite.eleconomista.es/E-ON-DISTRIBUCION.html
